Position,Name + ID,Name,ID,Roster Position,Salary,Game Info,TeamAbbrev,AvgPointsPerGame
RB,Christian McCaffrey (15355592),Christian McCaffrey,15355592,RB/FLEX,10000,CAR@TB 09/20/2020 01:00PM ET,CAR,28.5
RB,Saquon Barkley (15355594),Saquon Barkley,15355594,RB/FLEX,8400,NYG@CHI 09/20/2020 01:00PM ET,NYG,12.6
RB,Ezekiel Elliott (15355596),Ezekiel Elliott,15355596,RB/FLEX,8200,ATL@DAL 09/20/2020 01:00PM ET,DAL,27.7
QB,Lamar Jackson (15355524),Lamar Jackson,15355524,QB,8200,BAL@HOU 09/20/2020 04:25PM ET,BAL,27.5
WR,Davante Adams (15355828),Davante Adams,15355828,WR/FLEX,8100,DET@GB 09/20/2020 01:00PM ET,GB,44.6
RB,Derrick Henry (15355598),Derrick Henry,15355598,RB/FLEX,7900,JAX@TEN 09/20/2020 01:00PM ET,TEN,19.1
WR,DeAndre Hopkins (15355830),DeAndre Hopkins,15355830,WR/FLEX,7700,WAS@ARI 09/20/2020 04:05PM ET,ARI,32.1
QB,Patrick Mahomes (15355525),Patrick Mahomes,15355525,QB,7700,KC@LAC 09/20/2020 04:25PM ET,KC,20.44
RB,Dalvin Cook (15355600),Dalvin Cook,15355600,RB/FLEX,7600,MIN@IND 09/20/2020 01:00PM ET,MIN,21.8
WR,Tyreek Hill (15355832),Tyreek Hill,15355832,WR/FLEX,7500,KC@LAC 09/20/2020 04:25PM ET,KC,15.6
WR,Julio Jones (15355834),Julio Jones,15355834,WR/FLEX,7400,ATL@DAL 09/20/2020 01:00PM ET,ATL,27.7
RB,Clyde Edwards-Helaire (15355602),Clyde Edwards-Helaire,15355602,RB/FLEX,7400,KC@LAC 09/20/2020 04:25PM ET,KC,22.8
WR,Adam Thielen (15355836),Adam Thielen,15355836,WR/FLEX,7200,MIN@IND 09/20/2020 01:00PM ET,MIN,34
RB,Aaron Jones (15355604),Aaron Jones,15355604,RB/FLEX,7100,DET@GB 09/20/2020 01:00PM ET,GB,17.6
WR,Chris Godwin (15355838),Chris Godwin,15355838,WR/FLEX,7000,CAR@TB 09/20/2020 01:00PM ET,TB,13.9
TE,Travis Kelce (15356178),Travis Kelce,15356178,TE/FLEX,7000,KC@LAC 09/20/2020 04:25PM ET,KC,17
QB,Aaron Rodgers (15355526),Aaron Rodgers,15355526,QB,6900,DET@GB 09/20/2020 01:00PM ET,GB,33.76
RB,James Conner (15355606),James Conner,15355606,RB/FLEX,6800,DEN@PIT 09/20/2020 01:00PM ET,PIT,3.7
QB,Dak Prescott (15355527),Dak Prescott,15355527,QB,6800,ATL@DAL 09/20/2020 01:00PM ET,DAL,17.64
WR,Calvin Ridley (15355840),Calvin Ridley,15355840,WR/FLEX,6800,ATL@DAL 09/20/2020 01:00PM ET,ATL,36.9
TE,George Kittle (15356180),George Kittle,15356180,TE/FLEX,6700,SF@NYJ 09/20/2020 01:00PM ET,SF,9.3
WR,Cooper Kupp (15355842),Cooper Kupp,15355842,WR/FLEX,6700,LAR@PHI 09/20/2020 01:00PM ET,LAR,8
QB,Josh Allen (15355528),Josh Allen,15355528,QB,6700,BUF@MIA 09/20/2020 01:00PM ET,BUF,33.18
QB,Matt Ryan (15355529),Matt Ryan,15355529,QB,6600,ATL@DAL 09/20/2020 01:00PM ET,ATL,27.9
QB,Tom Brady (15355530),Tom Brady,15355530,QB,6500,CAR@TB 09/20/2020 01:00PM ET,TB,22.46
WR,JuJu Smith-Schuster (15355846),JuJu Smith-Schuster,15355846,WR/FLEX,6500,DEN@PIT 09/20/2020 01:00PM ET,PIT,24.9
WR,Stefon Diggs (15355844),Stefon Diggs,15355844,WR/FLEX,6500,BUF@MIA 09/20/2020 01:00PM ET,BUF,16.6
RB,Austin Ekeler (15355608),Austin Ekeler,15355608,RB/FLEX,6500,KC@LAC 09/20/2020 04:25PM ET,LAC,9.7
RB,Raheem Mostert (15355610),Raheem Mostert,15355610,RB/FLEX,6400,SF@NYJ 09/20/2020 01:00PM ET,SF,25.1
WR,Allen Robinson II (15355850),Allen Robinson II,15355850,WR/FLEX,6400,NYG@CHI 09/20/2020 01:00PM ET,CHI,12.3
WR,Robert Woods (15355852),Robert Woods,15355852,WR/FLEX,6400,LAR@PHI 09/20/2020 01:00PM ET,LAR,20.9
WR,Mike Evans (15355848),Mike Evans,15355848,WR/FLEX,6400,CAR@TB 09/20/2020 01:00PM ET,TB,7.2
QB,Deshaun Watson (15355531),Deshaun Watson,15355531,QB,6400,BAL@HOU 09/20/2020 04:25PM ET,HOU,21.82
WR,DJ Moore (15355856),DJ Moore,15355856,WR/FLEX,6300,CAR@TB 09/20/2020 01:00PM ET,CAR,9.4
QB,Ben Roethlisberger (15355532),Ben Roethlisberger,15355532,QB,6300,DEN@PIT 09/20/2020 01:00PM ET,PIT,22.06
WR,Amari Cooper (15355854),Amari Cooper,15355854,WR/FLEX,6300,ATL@DAL 09/20/2020 01:00PM ET,DAL,18.1
WR,Will Fuller V (15355858),Will Fuller V,15355858,WR/FLEX,6300,BAL@HOU 09/20/2020 04:25PM ET,HOU,22.2
TE,Mark Andrews (15356182),Mark Andrews,15356182,TE/FLEX,6300,BAL@HOU 09/20/2020 04:25PM ET,BAL,22.8
QB,Matthew Stafford (15355533),Matthew Stafford,15355533,QB,6200,DET@GB 09/20/2020 01:00PM ET,DET,17.18
WR,Kenny Golladay (15355860),Kenny Golladay,15355860,WR/FLEX,6200,DET@GB 09/20/2020 01:00PM ET,DET,0
WR,Marquise Brown (15355862),Marquise Brown,15355862,WR/FLEX,6200,BAL@HOU 09/20/2020 04:25PM ET,BAL,18.1
WR,A.J. Brown (15355864),A.J. Brown,15355864,WR/FLEX,6100,JAX@TEN 09/20/2020 01:00PM ET,TEN,8.9
RB,Todd Gurley II (15355612),Todd Gurley II,15355612,RB/FLEX,6100,ATL@DAL 09/20/2020 01:00PM ET,ATL,13.7
QB,Kyler Murray (15355534),Kyler Murray,15355534,QB,6100,WAS@ARI 09/20/2020 04:05PM ET,ARI,27.3
QB,Carson Wentz (15355535),Carson Wentz,15355535,QB,6000,LAR@PHI 09/20/2020 01:00PM ET,PHI,16
RB,Miles Sanders (15355614),Miles Sanders,15355614,RB/FLEX,6000,LAR@PHI 09/20/2020 01:00PM ET,PHI,0
WR,DJ Chark Jr. (15355866),DJ Chark Jr.,15355866,WR/FLEX,6000,JAX@TEN 09/20/2020 01:00PM ET,JAX,11.5
WR,Courtland Sutton (15355868),Courtland Sutton,15355868,WR/FLEX,6000,DEN@PIT 09/20/2020 01:00PM ET,DEN,0
WR,John Brown (15355870),John Brown,15355870,WR/FLEX,6000,BUF@MIA 09/20/2020 01:00PM ET,BUF,19
QB,Ryan Tannehill (15355538),Ryan Tannehill,15355538,QB,5900,JAX@TEN 09/20/2020 01:00PM ET,TEN,19.36
QB,Kirk Cousins (15355536),Kirk Cousins,15355536,QB,5900,MIN@IND 09/20/2020 01:00PM ET,MIN,22.76
QB,Philip Rivers (15355537),Philip Rivers,15355537,QB,5900,MIN@IND 09/20/2020 01:00PM ET,IND,19.82
WR,DeVante Parker (15355872),DeVante Parker,15355872,WR/FLEX,5900,BUF@MIA 09/20/2020 01:00PM ET,MIA,8.7
RB,Kenyan Drake (15355616),Kenyan Drake,15355616,RB/FLEX,5900,WAS@ARI 09/20/2020 04:05PM ET,ARI,14.5
WR,Terry McLaurin (15355874),Terry McLaurin,15355874,WR/FLEX,5900,WAS@ARI 09/20/2020 04:05PM ET,WAS,11.1
QB,Daniel Jones (15355542),Daniel Jones,15355542,QB,5800,NYG@CHI 09/20/2020 01:00PM ET,NYG,19.36
QB,Jared Goff (15355541),Jared Goff,15355541,QB,5800,LAR@PHI 09/20/2020 01:00PM ET,LAR,11.5
QB,Gardner Minshew II (15355540),Gardner Minshew II,15355540,QB,5800,JAX@TEN 09/20/2020 01:00PM ET,JAX,20.82
QB,Teddy Bridgewater (15355539),Teddy Bridgewater,15355539,QB,5800,CAR@TB 09/20/2020 01:00PM ET,CAR,19.36
RB,David Johnson (15355618),David Johnson,15355618,RB/FLEX,5800,BAL@HOU 09/20/2020 04:25PM ET,HOU,19.9
WR,Marvin Jones Jr. (15355880),Marvin Jones Jr.,15355880,WR/FLEX,5700,DET@GB 09/20/2020 01:00PM ET,DET,9.5
QB,Jimmy Garoppolo (15355543),Jimmy Garoppolo,15355543,QB,5700,SF@NYJ 09/20/2020 01:00PM ET,SF,19.26
RB,Malcolm Brown (15355622),Malcolm Brown,15355622,RB/FLEX,5700,LAR@PHI 09/20/2020 01:00PM ET,LAR,26
RB,Jonathan Taylor (15355620),Jonathan Taylor,15355620,RB/FLEX,5700,MIN@IND 09/20/2020 01:00PM ET,IND,14.9
WR,T.Y. Hilton (15355876),T.Y. Hilton,15355876,WR/FLEX,5700,MIN@IND 09/20/2020 01:00PM ET,IND,9.3
WR,Keenan Allen (15355878),Keenan Allen,15355878,WR/FLEX,5700,KC@LAC 09/20/2020 04:25PM ET,LAC,7.7
RB,David Montgomery (15355624),David Montgomery,15355624,RB/FLEX,5600,NYG@CHI 09/20/2020 01:00PM ET,CHI,8.4
TE,Zach Ertz (15356184),Zach Ertz,15356184,TE/FLEX,5600,LAR@PHI 09/20/2020 01:00PM ET,PHI,10.8
WR,Michael Gallup (15355882),Michael Gallup,15355882,WR/FLEX,5600,ATL@DAL 09/20/2020 01:00PM ET,DAL,8
QB,Mitchell Trubisky (15355544),Mitchell Trubisky,15355544,QB,5500,NYG@CHI 09/20/2020 01:00PM ET,CHI,24.28
WR,Sterling Shepard (15355884),Sterling Shepard,15355884,WR/FLEX,5500,NYG@CHI 09/20/2020 01:00PM ET,NYG,10.7
WR,Jamison Crowder (15355886),Jamison Crowder,15355886,WR/FLEX,5400,SF@NYJ 09/20/2020 01:00PM ET,NYJ,27.5
WR,Alshon Jeffery (15355888),Alshon Jeffery,15355888,WR/FLEX,5400,LAR@PHI 09/20/2020 01:00PM ET,PHI,0
QB,Drew Lock (15355545),Drew Lock,15355545,QB,5400,DEN@PIT 09/20/2020 01:00PM ET,DEN,13.14
RB,Mark Ingram II (15355626),Mark Ingram II,15355626,RB/FLEX,5400,BAL@HOU 09/20/2020 04:25PM ET,BAL,2.9
WR,Allen Lazard (15355890),Allen Lazard,15355890,WR/FLEX,5300,DET@GB 09/20/2020 01:00PM ET,GB,18.2
TE,Evan Engram (15356186),Evan Engram,15356186,TE/FLEX,5300,NYG@CHI 09/20/2020 01:00PM ET,NYG,2.9
RB,Nyheim Hines (15355628),Nyheim Hines,15355628,RB/FLEX,5300,MIN@IND 09/20/2020 01:00PM ET,IND,27.3
QB,Tyrod Taylor (15355546),Tyrod Taylor,15355546,QB,5300,KC@LAC 09/20/2020 04:25PM ET,LAC,9.02
TE,T.J. Hockenson (15356188),T.J. Hockenson,15356188,TE/FLEX,5200,DET@GB 09/20/2020 01:00PM ET,DET,16.6
RB,Le'Veon Bell (15355632),Le'Veon Bell,15355632,RB/FLEX,5200,SF@NYJ 09/20/2020 01:00PM ET,NYJ,6.6
WR,Anthony Miller (15355894),Anthony Miller,15355894,WR/FLEX,5200,NYG@CHI 09/20/2020 01:00PM ET,CHI,17.6
RB,Ronald Jones II (15355636),Ronald Jones II,15355636,RB/FLEX,5200,CAR@TB 09/20/2020 01:00PM ET,TB,10.2
WR,Robby Anderson (15355892),Robby Anderson,15355892,WR/FLEX,5200,CAR@TB 09/20/2020 01:00PM ET,CAR,28.4
RB,Melvin Gordon III (15355634),Melvin Gordon III,15355634,RB/FLEX,5200,DEN@PIT 09/20/2020 01:00PM ET,DEN,16.6
QB,Ryan Fitzpatrick (15355547),Ryan Fitzpatrick,15355547,QB,5200,BUF@MIA 09/20/2020 01:00PM ET,MIA,8.44
QB,Tua Tagovailoa (15355548),Tua Tagovailoa,15355548,QB,5200,BUF@MIA 09/20/2020 01:00PM ET,MIA,0
RB,Devin Singletary (15355630),Devin Singletary,15355630,RB/FLEX,5200,BUF@MIA 09/20/2020 01:00PM ET,BUF,10.3
QB,Sam Darnold (15355550),Sam Darnold,15355550,QB,5100,SF@NYJ 09/20/2020 01:00PM ET,NYJ,12.2
WR,DeSean Jackson (15355896),DeSean Jackson,15355896,WR/FLEX,5100,LAR@PHI 09/20/2020 01:00PM ET,PHI,6.6
RB,Phillip Lindsay (15355638),Phillip Lindsay,15355638,RB/FLEX,5100,DEN@PIT 09/20/2020 01:00PM ET,DEN,4.5
QB,Dwayne Haskins Jr. (15355549),Dwayne Haskins Jr.,15355549,QB,5100,WAS@ARI 09/20/2020 04:05PM ET,WAS,12.82
QB,Justin Herbert (15355551),Justin Herbert,15355551,QB,5100,KC@LAC 09/20/2020 04:25PM ET,LAC,0
TE,Hunter Henry (15356190),Hunter Henry,15356190,TE/FLEX,5100,KC@LAC 09/20/2020 04:25PM ET,LAC,12.3
RB,J.K. Dobbins (15355640),J.K. Dobbins,15355640,RB/FLEX,5100,BAL@HOU 09/20/2020 04:25PM ET,BAL,14.2
QB,Chase Daniel (15355554),Chase Daniel,15355554,QB,5000,DET@GB 09/20/2020 01:00PM ET,DET,0
WR,Deebo Samuel (15355898),Deebo Samuel,15355898,WR/FLEX,5000,SF@NYJ 09/20/2020 01:00PM ET,SF,0
QB,Nick Foles (15355553),Nick Foles,15355553,QB,5000,NYG@CHI 09/20/2020 01:00PM ET,CHI,0
WR,Darius Slayton (15355900),Darius Slayton,15355900,WR/FLEX,5000,NYG@CHI 09/20/2020 01:00PM ET,NYG,31.2
RB,Boston Scott (15355644),Boston Scott,15355644,RB/FLEX,5000,LAR@PHI 09/20/2020 01:00PM ET,PHI,7.4
TE,Dallas Goedert (15356192),Dallas Goedert,15356192,TE/FLEX,5000,LAR@PHI 09/20/2020 01:00PM ET,PHI,27.1
QB,Andy Dalton (15355552),Andy Dalton,15355552,QB,5000,ATL@DAL 09/20/2020 01:00PM ET,DAL,0
QB,Jacoby Brissett (15355555),Jacoby Brissett,15355555,QB,5000,MIN@IND 09/20/2020 01:00PM ET,IND,0
RB,Marlon Mack (15355642),Marlon Mack,15355642,RB/FLEX,5000,MIN@IND 09/20/2020 01:00PM ET,IND,8.6
RB,D'Andre Swift (15355646),D'Andre Swift,15355646,RB/FLEX,4900,DET@GB 09/20/2020 01:00PM ET,DET,11.3
WR,Kendrick Bourne (15355906),Kendrick Bourne,15355906,WR/FLEX,4900,SF@NYJ 09/20/2020 01:00PM ET,SF,5.4
WR,Golden Tate (15355904),Golden Tate,15355904,WR/FLEX,4900,NYG@CHI 09/20/2020 01:00PM ET,NYG,0
QB,Jalen Hurts (15355559),Jalen Hurts,15355559,QB,4900,LAR@PHI 09/20/2020 01:00PM ET,PHI,0
QB,Mason Rudolph (15355558),Mason Rudolph,15355558,QB,4900,DEN@PIT 09/20/2020 01:00PM ET,PIT,0
WR,Jerry Jeudy (15355908),Jerry Jeudy,15355908,WR/FLEX,4900,DEN@PIT 09/20/2020 01:00PM ET,DEN,9.6
RB,Tony Pollard (15355648),Tony Pollard,15355648,RB/FLEX,4900,ATL@DAL 09/20/2020 01:00PM ET,DAL,5.2
QB,Alex Smith (15355556),Alex Smith,15355556,QB,4900,WAS@ARI 09/20/2020 04:05PM ET,WAS,0
QB,Brett Hundley (15355557),Brett Hundley,15355557,QB,4900,WAS@ARI 09/20/2020 04:05PM ET,ARI,0
WR,Brandin Cooks (15355902),Brandin Cooks,15355902,WR/FLEX,4900,BAL@HOU 09/20/2020 04:25PM ET,HOU,4
WR,Danny Amendola (15355914),Danny Amendola,15355914,WR/FLEX,4800,DET@GB 09/20/2020 01:00PM ET,DET,13.1
RB,Tarik Cohen (15355650),Tarik Cohen,15355650,RB/FLEX,4800,NYG@CHI 09/20/2020 01:00PM ET,CHI,6.7
QB,Blaine Gabbert (15355561),Blaine Gabbert,15355561,QB,4800,CAR@TB 09/20/2020 01:00PM ET,TB,0
RB,Leonard Fournette (15355654),Leonard Fournette,15355654,RB/FLEX,4800,CAR@TB 09/20/2020 01:00PM ET,TB,2.9
QB,Matt Schaub (15355560),Matt Schaub,15355560,QB,4800,ATL@DAL 09/20/2020 01:00PM ET,ATL,0
WR,Russell Gage (15355912),Russell Gage,15355912,WR/FLEX,4800,ATL@DAL 09/20/2020 01:00PM ET,ATL,23.4
RB,Zack Moss (15355652),Zack Moss,15355652,RB/FLEX,4800,BUF@MIA 09/20/2020 01:00PM ET,BUF,11.7
WR,Preston Williams (15355916),Preston Williams,15355916,WR/FLEX,4800,BUF@MIA 09/20/2020 01:00PM ET,MIA,6.1
WR,Sammy Watkins (15355910),Sammy Watkins,15355910,WR/FLEX,4800,KC@LAC 09/20/2020 04:25PM ET,KC,21.5
RB,Adrian Peterson (15355658),Adrian Peterson,15355658,RB/FLEX,4700,DET@GB 09/20/2020 01:00PM ET,DET,14.4
TE,Tyler Higbee (15356194),Tyler Higbee,15356194,TE/FLEX,4700,LAR@PHI 09/20/2020 01:00PM ET,LAR,7
QB,Will Grier (15355563),Will Grier,15355563,QB,4700,CAR@TB 09/20/2020 01:00PM ET,CAR,0
WR,Curtis Samuel (15355922),Curtis Samuel,15355922,WR/FLEX,4700,CAR@TB 09/20/2020 01:00PM ET,CAR,9.3
WR,CeeDee Lamb (15355924),CeeDee Lamb,15355924,WR/FLEX,4700,ATL@DAL 09/20/2020 01:00PM ET,DAL,10.9
RB,Jordan Howard (15355656),Jordan Howard,15355656,RB/FLEX,4700,BUF@MIA 09/20/2020 01:00PM ET,MIA,6.7
WR,Cole Beasley (15355918),Cole Beasley,15355918,WR/FLEX,4700,BUF@MIA 09/20/2020 01:00PM ET,BUF,9.8
WR,Steven Sims Jr. (15355920),Steven Sims Jr.,15355920,WR/FLEX,4700,WAS@ARI 09/20/2020 04:05PM ET,WAS,8
RB,Joshua Kelley (15355660),Joshua Kelley,15355660,RB/FLEX,4700,KC@LAC 09/20/2020 04:25PM ET,LAC,12
QB,AJ McCarron (15355562),AJ McCarron,15355562,QB,4700,BAL@HOU 09/20/2020 04:25PM ET,HOU,0
QB,Jordan Love (15355565),Jordan Love,15355565,QB,4600,DET@GB 09/20/2020 01:00PM ET,GB,0
WR,Marquez Valdes-Scantling (15355926),Marquez Valdes-Scantling,15355926,WR/FLEX,4600,DET@GB 09/20/2020 01:00PM ET,GB,19.6
RB,Darrell Henderson Jr. (15355664),Darrell Henderson Jr.,15355664,RB/FLEX,4600,LAR@PHI 09/20/2020 01:00PM ET,LAR,0.6
RB,Corey Clement (15355666),Corey Clement,15355666,RB/FLEX,4600,LAR@PHI 09/20/2020 01:00PM ET,PHI,4.1
TE,Hayden Hurst (15356196),Hayden Hurst,15356196,TE/FLEX,4600,ATL@DAL 09/20/2020 01:00PM ET,ATL,6.8
QB,Kyle Allen (15355564),Kyle Allen,15355564,QB,4600,WAS@ARI 09/20/2020 04:05PM ET,WAS,0
RB,Chase Edmonds (15355662),Chase Edmonds,15355662,RB/FLEX,4600,WAS@ARI 09/20/2020 04:05PM ET,ARI,13.5
WR,Larry Fitzgerald (15355928),Larry Fitzgerald,15355928,WR/FLEX,4600,WAS@ARI 09/20/2020 04:05PM ET,ARI,7.4
QB,Joe Flacco (15355567),Joe Flacco,15355567,QB,4500,SF@NYJ 09/20/2020 01:00PM ET,NYJ,0
RB,Frank Gore (15355676),Frank Gore,15355676,RB/FLEX,4500,SF@NYJ 09/20/2020 01:00PM ET,NYJ,2.4
RB,Dion Lewis (15355674),Dion Lewis,15355674,RB/FLEX,4500,NYG@CHI 09/20/2020 01:00PM ET,NYG,0.1
RB,Cam Akers (15355668),Cam Akers,15355668,RB/FLEX,4500,LAR@PHI 09/20/2020 01:00PM ET,LAR,5.3
RB,Benny Snell Jr. (15355672),Benny Snell Jr.,15355672,RB/FLEX,4500,DEN@PIT 09/20/2020 01:00PM ET,PIT,14.3
WR,Diontae Johnson (15355932),Diontae Johnson,15355932,WR/FLEX,4500,DEN@PIT 09/20/2020 01:00PM ET,PIT,10.7
TE,Blake Jarwin (15356198),Blake Jarwin,15356198,TE/FLEX,4500,ATL@DAL 09/20/2020 01:00PM ET,DAL,2.2
WR,Parris Campbell (15355930),Parris Campbell,15355930,WR/FLEX,4500,MIN@IND 09/20/2020 01:00PM ET,IND,14
QB,Matt Barkley (15355566),Matt Barkley,15355566,QB,4500,BUF@MIA 09/20/2020 01:00PM ET,BUF,0
RB,Matt Breida (15355670),Matt Breida,15355670,RB/FLEX,4500,BUF@MIA 09/20/2020 01:00PM ET,MIA,2.2
RB,Josh Adams (15355682),Josh Adams,15355682,RB/FLEX,4400,SF@NYJ 09/20/2020 01:00PM ET,NYJ,10.2
QB,Mike Glennon (15355568),Mike Glennon,15355568,QB,4400,JAX@TEN 09/20/2020 01:00PM ET,JAX,0
RB,James Robinson (15355680),James Robinson,15355680,RB/FLEX,4400,JAX@TEN 09/20/2020 01:00PM ET,JAX,10
TE,Noah Fant (15356200),Noah Fant,15356200,TE/FLEX,4400,DEN@PIT 09/20/2020 01:00PM ET,DEN,19.1
WR,Justin Jefferson (15355934),Justin Jefferson,15355934,WR/FLEX,4400,MIN@IND 09/20/2020 01:00PM ET,MIN,4.6
RB,Peyton Barber (15355678),Peyton Barber,15355678,RB/FLEX,4400,WAS@ARI 09/20/2020 04:05PM ET,WAS,14.9
WR,Randall Cobb (15355936),Randall Cobb,15355936,WR/FLEX,4400,BAL@HOU 09/20/2020 04:25PM ET,HOU,4.3
WR,Brandon Aiyuk (15355944),Brandon Aiyuk,15355944,WR/FLEX,4300,SF@NYJ 09/20/2020 01:00PM ET,SF,0
WR,Keelan Cole (15355942),Keelan Cole,15355942,WR/FLEX,4300,JAX@TEN 09/20/2020 01:00PM ET,JAX,15.7
TE,Eric Ebron (15356202),Eric Ebron,15356202,TE/FLEX,4300,DEN@PIT 09/20/2020 01:00PM ET,PIT,2.8
RB,Alexander Mattison (15355684),Alexander Mattison,15355684,RB/FLEX,4300,MIN@IND 09/20/2020 01:00PM ET,MIN,12
QB,Jake Fromm (15355570),Jake Fromm,15355570,QB,4300,BUF@MIA 09/20/2020 01:00PM ET,BUF,0
RB,Myles Gaskin (15355688),Myles Gaskin,15355688,RB/FLEX,4300,BUF@MIA 09/20/2020 01:00PM ET,MIA,10.6
RB,Antonio Gibson (15355686),Antonio Gibson,15355686,RB/FLEX,4300,WAS@ARI 09/20/2020 04:05PM ET,WAS,6.4
WR,Christian Kirk (15355938),Christian Kirk,15355938,WR/FLEX,4300,WAS@ARI 09/20/2020 04:05PM ET,ARI,1
QB,Robert Griffin III (15355569),Robert Griffin III,15355569,QB,4300,BAL@HOU 09/20/2020 04:25PM ET,BAL,0.26
WR,Willie Snead IV (15355940),Willie Snead IV,15355940,WR/FLEX,4300,BAL@HOU 09/20/2020 04:25PM ET,BAL,16.4
RB,Jamaal Williams (15355690),Jamaal Williams,15355690,RB/FLEX,4200,DET@GB 09/20/2020 01:00PM ET,GB,8.2
RB,Jerick McKinnon (15355692),Jerick McKinnon,15355692,RB/FLEX,4200,SF@NYJ 09/20/2020 01:00PM ET,SF,13.4
WR,Greg Ward (15355950),Greg Ward,15355950,WR/FLEX,4200,LAR@PHI 09/20/2020 01:00PM ET,PHI,8.1
WR,Laviska Shenault Jr. (15355948),Laviska Shenault Jr.,15355948,WR/FLEX,4200,JAX@TEN 09/20/2020 01:00PM ET,JAX,13.7
TE,Jonnu Smith (15356204),Jonnu Smith,15356204,TE/FLEX,4200,JAX@TEN 09/20/2020 01:00PM ET,TEN,13.6
WR,Mike Williams (15355946),Mike Williams,15355946,WR/FLEX,4200,KC@LAC 09/20/2020 04:25PM ET,LAC,10.9
QB,Tim Boyle (15355579),Tim Boyle,15355579,QB,4100,DET@GB 09/20/2020 01:00PM ET,GB,-0.2
QB,Nick Mullens (15355578),Nick Mullens,15355578,QB,4100,SF@NYJ 09/20/2020 01:00PM ET,SF,0
QB,Colt McCoy (15355577),Colt McCoy,15355577,QB,4100,NYG@CHI 09/20/2020 01:00PM ET,NYG,0
QB,Nate Sudfeld (15355575),Nate Sudfeld,15355575,QB,4100,LAR@PHI 09/20/2020 01:00PM ET,PHI,0
QB,John Wolford (15355576),John Wolford,15355576,QB,4100,LAR@PHI 09/20/2020 01:00PM ET,LAR,0
WR,Jalen Reagor (15355956),Jalen Reagor,15355956,WR/FLEX,4100,LAR@PHI 09/20/2020 01:00PM ET,PHI,6.5
QB,Logan Woodside (15355574),Logan Woodside,15355574,QB,4100,JAX@TEN 09/20/2020 01:00PM ET,TEN,0
WR,Scotty Miller (15355958),Scotty Miller,15355958,WR/FLEX,4100,CAR@TB 09/20/2020 01:00PM ET,TB,12.9
TE,Rob Gronkowski (15356206),Rob Gronkowski,15356206,TE/FLEX,4100,CAR@TB 09/20/2020 01:00PM ET,TB,3.1
QB,Jeff Driskel (15355573),Jeff Driskel,15355573,QB,4100,DEN@PIT 09/20/2020 01:00PM ET,DEN,0
WR,James Washington (15355954),James Washington,15355954,WR/FLEX,4100,DEN@PIT 09/20/2020 01:00PM ET,PIT,11.4
QB,Sean Mannion (15355572),Sean Mannion,15355572,QB,4100,MIN@IND 09/20/2020 01:00PM ET,MIN,0
RB,J.D. McKissic (15355694),J.D. McKissic,15355694,RB/FLEX,4100,WAS@ARI 09/20/2020 04:05PM ET,WAS,0.9
QB,Chad Henne (15355571),Chad Henne,15355571,QB,4100,KC@LAC 09/20/2020 04:25PM ET,KC,0
WR,Miles Boykin (15355952),Miles Boykin,15355952,WR/FLEX,4100,BAL@HOU 09/20/2020 04:25PM ET,BAL,6.7
RB,AJ Dillon (15355810),AJ Dillon,15355810,RB/FLEX,4000,DET@GB 09/20/2020 01:00PM ET,GB,1.4
RB,Tyler Ervin (15355812),Tyler Ervin,15355812,RB/FLEX,4000,DET@GB 09/20/2020 01:00PM ET,GB,5.4
RB,Patrick Taylor (15355814),Patrick Taylor,15355814,RB/FLEX,4000,DET@GB 09/20/2020 01:00PM ET,GB,0
RB,John Lovett (15355816),John Lovett,15355816,RB/FLEX,4000,DET@GB 09/20/2020 01:00PM ET,GB,0
RB,Kerryon Johnson (15355818),Kerryon Johnson,15355818,RB/FLEX,4000,DET@GB 09/20/2020 01:00PM ET,DET,1.4
RB,Ty Johnson (15355820),Ty Johnson,15355820,RB/FLEX,4000,DET@GB 09/20/2020 01:00PM ET,DET,0
RB,Jonathan Williams (15355822),Jonathan Williams,15355822,RB/FLEX,4000,DET@GB 09/20/2020 01:00PM ET,DET,0
RB,Bo Scarbrough (15355824),Bo Scarbrough,15355824,RB/FLEX,4000,DET@GB 09/20/2020 01:00PM ET,DET,0
QB,C.J. Beathard (15355589),C.J. Beathard,15355589,QB,4000,SF@NYJ 09/20/2020 01:00PM ET,SF,0
QB,James Morgan (15355590),James Morgan,15355590,QB,4000,SF@NYJ 09/20/2020 01:00PM ET,NYJ,0
QB,Mike White (15355591),Mike White,15355591,QB,4000,SF@NYJ 09/20/2020 01:00PM ET,NYJ,0
RB,Tevin Coleman (15355802),Tevin Coleman,15355802,RB/FLEX,4000,SF@NYJ 09/20/2020 01:00PM ET,SF,3.4
RB,Jeff Wilson Jr. (15355804),Jeff Wilson Jr.,15355804,RB/FLEX,4000,SF@NYJ 09/20/2020 01:00PM ET,SF,0
RB,Kyle Juszczyk (15355806),Kyle Juszczyk,15355806,RB/FLEX,4000,SF@NYJ 09/20/2020 01:00PM ET,SF,5.8
RB,La'Mical Perine (15355808),La'Mical Perine,15355808,RB/FLEX,4000,SF@NYJ 09/20/2020 01:00PM ET,NYJ,0
DST,49ers  (15356386),49ers ,15356386,DST,4000,SF@NYJ 09/20/2020 01:00PM ET,SF,4
RB,Wayne Gallman Jr. (15355796),Wayne Gallman Jr.,15355796,RB/FLEX,4000,NYG@CHI 09/20/2020 01:00PM ET,NYG,2.4
RB,Elijhaa Penny (15355798),Elijhaa Penny,15355798,RB/FLEX,4000,NYG@CHI 09/20/2020 01:00PM ET,NYG,0
RB,Ryan Nall (15355800),Ryan Nall,15355800,RB/FLEX,4000,NYG@CHI 09/20/2020 01:00PM ET,CHI,0
RB,Jason Huntley (15355790),Jason Huntley,15355790,RB/FLEX,4000,LAR@PHI 09/20/2020 01:00PM ET,PHI,0.1
RB,Xavier Jones (15355792),Xavier Jones,15355792,RB/FLEX,4000,LAR@PHI 09/20/2020 01:00PM ET,LAR,0
RB,Raymond Calais (15355794),Raymond Calais,15355794,RB/FLEX,4000,LAR@PHI 09/20/2020 01:00PM ET,LAR,0
WR,Josh Reynolds (15355962),Josh Reynolds,15355962,WR/FLEX,4000,LAR@PHI 09/20/2020 01:00PM ET,LAR,2.7
QB,Jake Luton (15355588),Jake Luton,15355588,QB,4000,JAX@TEN 09/20/2020 01:00PM ET,JAX,0
RB,Chris Thompson (15355774),Chris Thompson,15355774,RB/FLEX,4000,JAX@TEN 09/20/2020 01:00PM ET,JAX,2.6
RB,Nathan Cottrell (15355776),Nathan Cottrell,15355776,RB/FLEX,4000,JAX@TEN 09/20/2020 01:00PM ET,JAX,0
RB,Dare Ogunbowale (15355778),Dare Ogunbowale,15355778,RB/FLEX,4000,JAX@TEN 09/20/2020 01:00PM ET,JAX,0
RB,Devine Ozigbo (15355780),Devine Ozigbo,15355780,RB/FLEX,4000,JAX@TEN 09/20/2020 01:00PM ET,JAX,0
RB,Bruce Miller (15355782),Bruce Miller,15355782,RB/FLEX,4000,JAX@TEN 09/20/2020 01:00PM ET,JAX,1.2
RB,Darrynton Evans (15355784),Darrynton Evans,15355784,RB/FLEX,4000,JAX@TEN 09/20/2020 01:00PM ET,TEN,0
RB,Senorise Perry (15355786),Senorise Perry,15355786,RB/FLEX,4000,JAX@TEN 09/20/2020 01:00PM ET,TEN,0
RB,Khari Blasingame (15355788),Khari Blasingame,15355788,RB/FLEX,4000,JAX@TEN 09/20/2020 01:00PM ET,TEN,1.5
WR,Corey Davis (15355960),Corey Davis,15355960,WR/FLEX,4000,JAX@TEN 09/20/2020 01:00PM ET,TEN,20.1
QB,P.J. Walker (15355586),P.J. Walker,15355586,QB,4000,CAR@TB 09/20/2020 01:00PM ET,CAR,0
QB,Ryan Griffin (15355587),Ryan Griffin,15355587,QB,4000,CAR@TB 09/20/2020 01:00PM ET,TB,0
RB,Ke'Shawn Vaughn (15355696),Ke'Shawn Vaughn,15355696,RB/FLEX,4000,CAR@TB 09/20/2020 01:00PM ET,TB,0
RB,LeSean McCoy (15355698),LeSean McCoy,15355698,RB/FLEX,4000,CAR@TB 09/20/2020 01:00PM ET,TB,1.2
RB,Mike Davis (15355766),Mike Davis,15355766,RB/FLEX,4000,CAR@TB 09/20/2020 01:00PM ET,CAR,0
RB,Trenton Cannon (15355768),Trenton Cannon,15355768,RB/FLEX,4000,CAR@TB 09/20/2020 01:00PM ET,CAR,0
RB,Alex Armah (15355770),Alex Armah,15355770,RB/FLEX,4000,CAR@TB 09/20/2020 01:00PM ET,CAR,0.1
RB,T.J. Logan (15355772),T.J. Logan,15355772,RB/FLEX,4000,CAR@TB 09/20/2020 01:00PM ET,TB,0
QB,Josh Dobbs (15355585),Josh Dobbs,15355585,QB,4000,DEN@PIT 09/20/2020 01:00PM ET,PIT,0
RB,Anthony McFarland Jr. (15355758),Anthony McFarland Jr.,15355758,RB/FLEX,4000,DEN@PIT 09/20/2020 01:00PM ET,PIT,0
RB,Jaylen Samuels (15355760),Jaylen Samuels,15355760,RB/FLEX,4000,DEN@PIT 09/20/2020 01:00PM ET,PIT,1.3
RB,Derek Watt (15355762),Derek Watt,15355762,RB/FLEX,4000,DEN@PIT 09/20/2020 01:00PM ET,PIT,0
RB,Royce Freeman (15355764),Royce Freeman,15355764,RB/FLEX,4000,DEN@PIT 09/20/2020 01:00PM ET,DEN,2.2
QB,Ben DiNucci (15355584),Ben DiNucci,15355584,QB,4000,ATL@DAL 09/20/2020 01:00PM ET,DAL,0
RB,Rico Dowdle (15355748),Rico Dowdle,15355748,RB/FLEX,4000,ATL@DAL 09/20/2020 01:00PM ET,DAL,0
RB,Brian Hill (15355750),Brian Hill,15355750,RB/FLEX,4000,ATL@DAL 09/20/2020 01:00PM ET,ATL,4
RB,Ito Smith (15355752),Ito Smith,15355752,RB/FLEX,4000,ATL@DAL 09/20/2020 01:00PM ET,ATL,3.6
RB,Qadree Ollison (15355754),Qadree Ollison,15355754,RB/FLEX,4000,ATL@DAL 09/20/2020 01:00PM ET,ATL,0
RB,Keith Smith (15355756),Keith Smith,15355756,RB/FLEX,4000,ATL@DAL 09/20/2020 01:00PM ET,ATL,0
QB,Jacob Eason (15355583),Jacob Eason,15355583,QB,4000,MIN@IND 09/20/2020 01:00PM ET,IND,0
RB,Ameer Abdullah (15355738),Ameer Abdullah,15355738,RB/FLEX,4000,MIN@IND 09/20/2020 01:00PM ET,MIN,0
RB,Mike Boone (15355740),Mike Boone,15355740,RB/FLEX,4000,MIN@IND 09/20/2020 01:00PM ET,MIN,0
RB,C.J. Ham (15355742),C.J. Ham,15355742,RB/FLEX,4000,MIN@IND 09/20/2020 01:00PM ET,MIN,0
RB,Jordan Wilkins (15355744),Jordan Wilkins,15355744,RB/FLEX,4000,MIN@IND 09/20/2020 01:00PM ET,IND,0
RB,Bruce Anderson III (15355746),Bruce Anderson III,15355746,RB/FLEX,4000,MIN@IND 09/20/2020 01:00PM ET,IND,0
RB,Patrick Laird (15355728),Patrick Laird,15355728,RB/FLEX,4000,BUF@MIA 09/20/2020 01:00PM ET,MIA,2.9
RB,Malcolm Perry (15355730),Malcolm Perry,15355730,RB/FLEX,4000,BUF@MIA 09/20/2020 01:00PM ET,MIA,0
RB,Chandler Cox (15355732),Chandler Cox,15355732,RB/FLEX,4000,BUF@MIA 09/20/2020 01:00PM ET,MIA,0
RB,T.J. Yeldon (15355734),T.J. Yeldon,15355734,RB/FLEX,4000,BUF@MIA 09/20/2020 01:00PM ET,BUF,0
RB,Taiwan Jones (15355736),Taiwan Jones,15355736,RB/FLEX,4000,BUF@MIA 09/20/2020 01:00PM ET,BUF,0
TE,Mike Gesicki (15356208),Mike Gesicki,15356208,TE/FLEX,4000,BUF@MIA 09/20/2020 01:00PM ET,MIA,6
QB,Chris Streveler (15355582),Chris Streveler,15355582,QB,4000,WAS@ARI 09/20/2020 04:05PM ET,ARI,0.3
RB,Bryce Love (15355722),Bryce Love,15355722,RB/FLEX,4000,WAS@ARI 09/20/2020 04:05PM ET,WAS,0
RB,Eno Benjamin (15355724),Eno Benjamin,15355724,RB/FLEX,4000,WAS@ARI 09/20/2020 04:05PM ET,ARI,0
RB,D.J. Foster (15355726),D.J. Foster,15355726,RB/FLEX,4000,WAS@ARI 09/20/2020 04:05PM ET,ARI,0
QB,Easton Stick (15355581),Easton Stick,15355581,QB,4000,KC@LAC 09/20/2020 04:25PM ET,LAC,0
RB,Justin Jackson (15355712),Justin Jackson,15355712,RB/FLEX,4000,KC@LAC 09/20/2020 04:25PM ET,LAC,0.4
RB,Gabe Nabers (15355714),Gabe Nabers,15355714,RB/FLEX,4000,KC@LAC 09/20/2020 04:25PM ET,LAC,0
RB,Darrel Williams (15355716),Darrel Williams,15355716,RB/FLEX,4000,KC@LAC 09/20/2020 04:25PM ET,KC,5
RB,Darwin Thompson (15355718),Darwin Thompson,15355718,RB/FLEX,4000,KC@LAC 09/20/2020 04:25PM ET,KC,0
RB,Anthony Sherman (15355720),Anthony Sherman,15355720,RB/FLEX,4000,KC@LAC 09/20/2020 04:25PM ET,KC,0.2
QB,Trace McSorley (15355580),Trace McSorley,15355580,QB,4000,BAL@HOU 09/20/2020 04:25PM ET,BAL,0
RB,Gus Edwards (15355700),Gus Edwards,15355700,RB/FLEX,4000,BAL@HOU 09/20/2020 04:25PM ET,BAL,1.7
RB,Justice Hill (15355702),Justice Hill,15355702,RB/FLEX,4000,BAL@HOU 09/20/2020 04:25PM ET,BAL,0
RB,Patrick Ricard (15355704),Patrick Ricard,15355704,RB/FLEX,4000,BAL@HOU 09/20/2020 04:25PM ET,BAL,0.8
RB,Duke Johnson (15355706),Duke Johnson,15355706,RB/FLEX,4000,BAL@HOU 09/20/2020 04:25PM ET,HOU,1.4
RB,Buddy Howell (15355708),Buddy Howell,15355708,RB/FLEX,4000,BAL@HOU 09/20/2020 04:25PM ET,HOU,0
RB,Cullen Gillaspia (15355710),Cullen Gillaspia,15355710,RB/FLEX,4000,BAL@HOU 09/20/2020 04:25PM ET,HOU,0
RB,Scottie Phillips (15355826),Scottie Phillips,15355826,RB/FLEX,4000,BAL@HOU 09/20/2020 04:25PM ET,HOU,0
WR,Jalen Hurd (15355970),Jalen Hurd,15355970,WR/FLEX,3900,SF@NYJ 09/20/2020 01:00PM ET,SF,0
WR,Dede Westbrook (15355964),Dede Westbrook,15355964,WR/FLEX,3900,JAX@TEN 09/20/2020 01:00PM ET,JAX,0
TE,O.J. Howard (15356210),O.J. Howard,15356210,TE/FLEX,3900,CAR@TB 09/20/2020 01:00PM ET,TB,13.6
WR,Olabisi Johnson (15355966),Olabisi Johnson,15355966,WR/FLEX,3900,MIN@IND 09/20/2020 01:00PM ET,MIN,8.6
WR,Jakeem Grant (15355968),Jakeem Grant,15355968,WR/FLEX,3900,BUF@MIA 09/20/2020 01:00PM ET,MIA,5.5
DST,Bills  (15356387),Bills ,15356387,DST,3900,BUF@MIA 09/20/2020 01:00PM ET,BUF,8
WR,Quintez Cephus (15355974),Quintez Cephus,15355974,WR/FLEX,3800,DET@GB 09/20/2020 01:00PM ET,DET,7.3
WR,Breshad Perriman (15355972),Breshad Perriman,15355972,WR/FLEX,3800,SF@NYJ 09/20/2020 01:00PM ET,NYJ,4.7
TE,Jimmy Graham (15356212),Jimmy Graham,15356212,TE/FLEX,3800,NYG@CHI 09/20/2020 01:00PM ET,CHI,11.5
WR,Tim Patrick (15355978),Tim Patrick,15355978,WR/FLEX,3800,DEN@PIT 09/20/2020 01:00PM ET,DEN,6.9
DST,Steelers  (15356388),Steelers ,15356388,DST,3800,DEN@PIT 09/20/2020 01:00PM ET,PIT,8
WR,Mecole Hardman (15355976),Mecole Hardman,15355976,WR/FLEX,3800,KC@LAC 09/20/2020 04:25PM ET,KC,1.6
WR,Equanimeous St. Brown (15355990),Equanimeous St. Brown,15355990,WR/FLEX,3700,DET@GB 09/20/2020 01:00PM ET,GB,0
WR,Marvin Hall (15355992),Marvin Hall,15355992,WR/FLEX,3700,DET@GB 09/20/2020 01:00PM ET,DET,3.6
WR,Vyncint Smith (15355988),Vyncint Smith,15355988,WR/FLEX,3700,SF@NYJ 09/20/2020 01:00PM ET,NYJ,0
DST,Bears  (15356389),Bears ,15356389,DST,3700,NYG@CHI 09/20/2020 01:00PM ET,CHI,3
TE,Dalton Schultz (15356216),Dalton Schultz,15356216,TE/FLEX,3700,ATL@DAL 09/20/2020 01:00PM ET,DAL,2.1
WR,Zach Pascal (15355980),Zach Pascal,15355980,WR/FLEX,3700,MIN@IND 09/20/2020 01:00PM ET,IND,3.8
WR,Chad Beebe (15355986),Chad Beebe,15355986,WR/FLEX,3700,MIN@IND 09/20/2020 01:00PM ET,MIN,0
TE,Dawson Knox (15356214),Dawson Knox,15356214,TE/FLEX,3700,BUF@MIA 09/20/2020 01:00PM ET,BUF,4.6
WR,Andy Isabella (15355984),Andy Isabella,15355984,WR/FLEX,3700,WAS@ARI 09/20/2020 04:05PM ET,ARI,0
WR,Joe Reed (15355982),Joe Reed,15355982,WR/FLEX,3700,KC@LAC 09/20/2020 04:25PM ET,LAC,0
WR,Chris Conley (15355994),Chris Conley,15355994,WR/FLEX,3600,JAX@TEN 09/20/2020 01:00PM ET,JAX,1.6
TE,Jack Doyle (15356220),Jack Doyle,15356220,TE/FLEX,3600,MIN@IND 09/20/2020 01:00PM ET,IND,7.9
TE,Logan Thomas (15356218),Logan Thomas,15356218,TE/FLEX,3600,WAS@ARI 09/20/2020 04:05PM ET,WAS,13.7
DST,Ravens  (15356390),Ravens ,15356390,DST,3600,BAL@HOU 09/20/2020 04:25PM ET,BAL,15
WR,JJ Arcega-Whiteside (15356010),JJ Arcega-Whiteside,15356010,WR/FLEX,3500,LAR@PHI 09/20/2020 01:00PM ET,PHI,0
DST,Titans  (15356391),Titans ,15356391,DST,3500,JAX@TEN 09/20/2020 01:00PM ET,TEN,3
WR,Justin Watson (15356006),Justin Watson,15356006,WR/FLEX,3500,CAR@TB 09/20/2020 01:00PM ET,TB,1.6
WR,Tyler Johnson (15356008),Tyler Johnson,15356008,WR/FLEX,3500,CAR@TB 09/20/2020 01:00PM ET,TB,0
WR,DaeSean Hamilton (15356012),DaeSean Hamilton,15356012,WR/FLEX,3500,DEN@PIT 09/20/2020 01:00PM ET,DEN,2.8
WR,Michael Pittman Jr. (15355998),Michael Pittman Jr.,15355998,WR/FLEX,3500,MIN@IND 09/20/2020 01:00PM ET,IND,3
TE,Kyle Rudolph (15356222),Kyle Rudolph,15356222,TE/FLEX,3500,MIN@IND 09/20/2020 01:00PM ET,MIN,4.8
WR,Isaiah Ford (15356004),Isaiah Ford,15356004,WR/FLEX,3500,BUF@MIA 09/20/2020 01:00PM ET,MIA,3.3
WR,Dontrelle Inman (15356002),Dontrelle Inman,15356002,WR/FLEX,3500,WAS@ARI 09/20/2020 04:05PM ET,WAS,4.1
WR,Demarcus Robinson (15356000),Demarcus Robinson,15356000,WR/FLEX,3500,KC@LAC 09/20/2020 04:25PM ET,KC,5
WR,Kenny Stills (15355996),Kenny Stills,15355996,WR/FLEX,3500,BAL@HOU 09/20/2020 04:25PM ET,HOU,0
WR,Denzel Mims (15356016),Denzel Mims,15356016,WR/FLEX,3400,SF@NYJ 09/20/2020 01:00PM ET,NYJ,0
TE,Chris Herndon (15356226),Chris Herndon,15356226,TE/FLEX,3400,SF@NYJ 09/20/2020 01:00PM ET,NYJ,8.7
WR,Cordarrelle Patterson (15356022),Cordarrelle Patterson,15356022,WR/FLEX,3400,NYG@CHI 09/20/2020 01:00PM ET,CHI,4.1
WR,Adam Humphries (15356020),Adam Humphries,15356020,WR/FLEX,3400,JAX@TEN 09/20/2020 01:00PM ET,TEN,10.7
WR,Tajae Sharpe (15356018),Tajae Sharpe,15356018,WR/FLEX,3400,MIN@IND 09/20/2020 01:00PM ET,MIN,0
TE,Reggie Gilliam (15356224),Reggie Gilliam,15356224,TE/FLEX,3400,BUF@MIA 09/20/2020 01:00PM ET,BUF,0
DST,Chiefs  (15356392),Chiefs ,15356392,DST,3400,KC@LAC 09/20/2020 04:25PM ET,KC,7
WR,Devin Duvernay (15356014),Devin Duvernay,15356014,WR/FLEX,3400,BAL@HOU 09/20/2020 04:25PM ET,BAL,2.2
DST,Packers  (15356393),Packers ,15356393,DST,3300,DET@GB 09/20/2020 01:00PM ET,GB,5
WR,Trent Taylor (15356028),Trent Taylor,15356028,WR/FLEX,3300,SF@NYJ 09/20/2020 01:00PM ET,SF,2.7
WR,Ted Ginn Jr. (15356030),Ted Ginn Jr.,15356030,WR/FLEX,3300,NYG@CHI 09/20/2020 01:00PM ET,CHI,0
WR,Antonio Gandy-Golden (15356024),Antonio Gandy-Golden,15356024,WR/FLEX,3300,WAS@ARI 09/20/2020 04:05PM ET,WAS,0
TE,Dan Arnold (15356228),Dan Arnold,15356228,TE/FLEX,3300,WAS@ARI 09/20/2020 04:05PM ET,ARI,4.1
WR,Jason Moore (15356026),Jason Moore,15356026,WR/FLEX,3300,KC@LAC 09/20/2020 04:25PM ET,LAC,0
TE,Jordan Akins (15356230),Jordan Akins,15356230,TE/FLEX,3300,BAL@HOU 09/20/2020 04:25PM ET,HOU,11.9
TE,Jace Sternberger (15356240),Jace Sternberger,15356240,TE/FLEX,3200,DET@GB 09/20/2020 01:00PM ET,GB,0
WR,Chris Hogan (15356032),Chris Hogan,15356032,WR/FLEX,3200,SF@NYJ 09/20/2020 01:00PM ET,NYJ,1
TE,Kaden Smith (15356238),Kaden Smith,15356238,TE/FLEX,3200,NYG@CHI 09/20/2020 01:00PM ET,NYG,3.7
TE,Ian Thomas (15356236),Ian Thomas,15356236,TE/FLEX,3200,CAR@TB 09/20/2020 01:00PM ET,CAR,3.6
DST,Vikings  (15356394),Vikings ,15356394,DST,3200,MIN@IND 09/20/2020 01:00PM ET,MIN,-4
TE,Jeremy Sprinkle (15356234),Jeremy Sprinkle,15356234,TE/FLEX,3200,WAS@ARI 09/20/2020 04:05PM ET,WAS,0
TE,Darren Fells (15356232),Darren Fells,15356232,TE/FLEX,3200,BAL@HOU 09/20/2020 04:25PM ET,HOU,3.9
WR,Javon Wims (15356034),Javon Wims,15356034,WR/FLEX,3100,NYG@CHI 09/20/2020 01:00PM ET,CHI,7.1
WR,Riley Ridley (15356036),Riley Ridley,15356036,WR/FLEX,3100,NYG@CHI 09/20/2020 01:00PM ET,CHI,0
DST,WAS Football Team  (15356395),WAS Football Team ,15356395,DST,3100,WAS@ARI 09/20/2020 04:05PM ET,WAS,15
TE,Nick Boyle (15356242),Nick Boyle,15356242,TE/FLEX,3100,BAL@HOU 09/20/2020 04:25PM ET,BAL,2.3
WR,Malik Taylor (15356174),Malik Taylor,15356174,WR/FLEX,3000,DET@GB 09/20/2020 01:00PM ET,GB,0
WR,Jamal Agnew (15356176),Jamal Agnew,15356176,WR/FLEX,3000,DET@GB 09/20/2020 01:00PM ET,DET,0
WR,Dante Pettis (15356160),Dante Pettis,15356160,WR/FLEX,3000,SF@NYJ 09/20/2020 01:00PM ET,SF,0
WR,Richie James Jr. (15356162),Richie James Jr.,15356162,WR/FLEX,3000,SF@NYJ 09/20/2020 01:00PM ET,SF,0
WR,Chris Thompson (15356164),Chris Thompson,15356164,WR/FLEX,3000,SF@NYJ 09/20/2020 01:00PM ET,SF,0
WR,Tavon Austin (15356166),Tavon Austin,15356166,WR/FLEX,3000,SF@NYJ 09/20/2020 01:00PM ET,SF,0
WR,Braxton Berrios (15356168),Braxton Berrios,15356168,WR/FLEX,3000,SF@NYJ 09/20/2020 01:00PM ET,NYJ,0
WR,Josh Malone (15356170),Josh Malone,15356170,WR/FLEX,3000,SF@NYJ 09/20/2020 01:00PM ET,NYJ,0
WR,Jeff Smith (15356172),Jeff Smith,15356172,WR/FLEX,3000,SF@NYJ 09/20/2020 01:00PM ET,NYJ,0
WR,Damion Ratley (15356150),Damion Ratley,15356150,WR/FLEX,3000,NYG@CHI 09/20/2020 01:00PM ET,NYG,0
WR,C.J. Board (15356152),C.J. Board,15356152,WR/FLEX,3000,NYG@CHI 09/20/2020 01:00PM ET,NYG,3.7
WR,David Sills (15356154),David Sills,15356154,WR/FLEX,3000,NYG@CHI 09/20/2020 01:00PM ET,NYG,0
WR,Cody Core (15356156),Cody Core,15356156,WR/FLEX,3000,NYG@CHI 09/20/2020 01:00PM ET,NYG,0
WR,Darnell Mooney (15356158),Darnell Mooney,15356158,WR/FLEX,3000,NYG@CHI 09/20/2020 01:00PM ET,CHI,6.8
WR,John Hightower (15356140),John Hightower,15356140,WR/FLEX,3000,LAR@PHI 09/20/2020 01:00PM ET,PHI,0.8
WR,Quez Watkins (15356142),Quez Watkins,15356142,WR/FLEX,3000,LAR@PHI 09/20/2020 01:00PM ET,PHI,0
WR,Van Jefferson Jr. (15356144),Van Jefferson Jr.,15356144,WR/FLEX,3000,LAR@PHI 09/20/2020 01:00PM ET,LAR,4.1
WR,Nsimba Webster (15356146),Nsimba Webster,15356146,WR/FLEX,3000,LAR@PHI 09/20/2020 01:00PM ET,LAR,0
WR,Trishton Jackson (15356148),Trishton Jackson,15356148,WR/FLEX,3000,LAR@PHI 09/20/2020 01:00PM ET,LAR,0
WR,Collin Johnson (15356134),Collin Johnson,15356134,WR/FLEX,3000,JAX@TEN 09/20/2020 01:00PM ET,JAX,2.4
WR,Kalif Raymond (15356136),Kalif Raymond,15356136,WR/FLEX,3000,JAX@TEN 09/20/2020 01:00PM ET,TEN,0
WR,Cody Hollister (15356138),Cody Hollister,15356138,WR/FLEX,3000,JAX@TEN 09/20/2020 01:00PM ET,TEN,0
TE,Tyler Eifert (15356248),Tyler Eifert,15356248,TE/FLEX,3000,JAX@TEN 09/20/2020 01:00PM ET,JAX,1.8
WR,Seth Roberts (15356040),Seth Roberts,15356040,WR/FLEX,3000,CAR@TB 09/20/2020 01:00PM ET,CAR,1.5
WR,Pharoh Cooper (15356118),Pharoh Cooper,15356118,WR/FLEX,3000,CAR@TB 09/20/2020 01:00PM ET,CAR,0
WR,Brandon Zylstra (15356120),Brandon Zylstra,15356120,WR/FLEX,3000,CAR@TB 09/20/2020 01:00PM ET,CAR,0
WR,Keith Kirkwood (15356122),Keith Kirkwood,15356122,WR/FLEX,3000,CAR@TB 09/20/2020 01:00PM ET,CAR,0
WR,Omar Bayless (15356124),Omar Bayless,15356124,WR/FLEX,3000,CAR@TB 09/20/2020 01:00PM ET,CAR,0
WR,Jaydon Mickens (15356126),Jaydon Mickens,15356126,WR/FLEX,3000,CAR@TB 09/20/2020 01:00PM ET,TB,0
WR,Cyril Grayson (15356128),Cyril Grayson,15356128,WR/FLEX,3000,CAR@TB 09/20/2020 01:00PM ET,TB,0
WR,John Hurst (15356130),John Hurst,15356130,WR/FLEX,3000,CAR@TB 09/20/2020 01:00PM ET,TB,0
WR,John Franklin III (15356132),John Franklin III,15356132,WR/FLEX,3000,CAR@TB 09/20/2020 01:00PM ET,TB,0
WR,Chase Claypool (15356108),Chase Claypool,15356108,WR/FLEX,3000,DEN@PIT 09/20/2020 01:00PM ET,PIT,6.7
WR,Ray-Ray McCloud III (15356110),Ray-Ray McCloud III,15356110,WR/FLEX,3000,DEN@PIT 09/20/2020 01:00PM ET,PIT,0
WR,KJ Hamler (15356112),KJ Hamler,15356112,WR/FLEX,3000,DEN@PIT 09/20/2020 01:00PM ET,DEN,0
WR,Diontae Spencer (15356114),Diontae Spencer,15356114,WR/FLEX,3000,DEN@PIT 09/20/2020 01:00PM ET,DEN,0
WR,Tyrie Cleveland (15356116),Tyrie Cleveland,15356116,WR/FLEX,3000,DEN@PIT 09/20/2020 01:00PM ET,DEN,1.7
TE,Vance McDonald (15356246),Vance McDonald,15356246,TE/FLEX,3000,DEN@PIT 09/20/2020 01:00PM ET,PIT,1.3
WR,Cedrick Wilson (15356094),Cedrick Wilson,15356094,WR/FLEX,3000,ATL@DAL 09/20/2020 01:00PM ET,DAL,0
WR,Noah Brown (15356096),Noah Brown,15356096,WR/FLEX,3000,ATL@DAL 09/20/2020 01:00PM ET,DAL,0
WR,Malik Turner (15356098),Malik Turner,15356098,WR/FLEX,3000,ATL@DAL 09/20/2020 01:00PM ET,DAL,0
WR,Ventell Bryant (15356100),Ventell Bryant,15356100,WR/FLEX,3000,ATL@DAL 09/20/2020 01:00PM ET,DAL,0
WR,Christian Blake (15356102),Christian Blake,15356102,WR/FLEX,3000,ATL@DAL 09/20/2020 01:00PM ET,ATL,0
WR,Olamide Zaccheaus (15356104),Olamide Zaccheaus,15356104,WR/FLEX,3000,ATL@DAL 09/20/2020 01:00PM ET,ATL,0
WR,Brandon Powell (15356106),Brandon Powell,15356106,WR/FLEX,3000,ATL@DAL 09/20/2020 01:00PM ET,ATL,0
TE,Blake Bell (15356250),Blake Bell,15356250,TE/FLEX,3000,ATL@DAL 09/20/2020 01:00PM ET,DAL,0
WR,Dan Chisena (15356086),Dan Chisena,15356086,WR/FLEX,3000,MIN@IND 09/20/2020 01:00PM ET,MIN,0
WR,K.J. Osborn (15356088),K.J. Osborn,15356088,WR/FLEX,3000,MIN@IND 09/20/2020 01:00PM ET,MIN,0
WR,Ashton Dulin (15356090),Ashton Dulin,15356090,WR/FLEX,3000,MIN@IND 09/20/2020 01:00PM ET,IND,0
WR,Dezmon Patmon (15356092),Dezmon Patmon,15356092,WR/FLEX,3000,MIN@IND 09/20/2020 01:00PM ET,IND,0
TE,Mo Alie-Cox (15356244),Mo Alie-Cox,15356244,TE/FLEX,3000,MIN@IND 09/20/2020 01:00PM ET,IND,4
WR,Isaiah McKenzie (15356038),Isaiah McKenzie,15356038,WR/FLEX,3000,BUF@MIA 09/20/2020 01:00PM ET,BUF,4.7
WR,Mack Hollins (15356076),Mack Hollins,15356076,WR/FLEX,3000,BUF@MIA 09/20/2020 01:00PM ET,MIA,0
WR,Lynn Bowden Jr. (15356078),Lynn Bowden Jr.,15356078,WR/FLEX,3000,BUF@MIA 09/20/2020 01:00PM ET,MIA,0
WR,Gabriel Davis (15356080),Gabriel Davis,15356080,WR/FLEX,3000,BUF@MIA 09/20/2020 01:00PM ET,BUF,3.6
WR,Andre Roberts (15356082),Andre Roberts,15356082,WR/FLEX,3000,BUF@MIA 09/20/2020 01:00PM ET,BUF,0
WR,Isaiah Hodgins (15356084),Isaiah Hodgins,15356084,WR/FLEX,3000,BUF@MIA 09/20/2020 01:00PM ET,BUF,0
WR,Isaiah Wright (15356064),Isaiah Wright,15356064,WR/FLEX,3000,WAS@ARI 09/20/2020 04:05PM ET,WAS,0
WR,Cam Sims (15356066),Cam Sims,15356066,WR/FLEX,3000,WAS@ARI 09/20/2020 04:05PM ET,WAS,0
WR,Kelvin Harmon (15356068),Kelvin Harmon,15356068,WR/FLEX,3000,WAS@ARI 09/20/2020 04:05PM ET,WAS,0
WR,Emanuel Hall (15356070),Emanuel Hall,15356070,WR/FLEX,3000,WAS@ARI 09/20/2020 04:05PM ET,WAS,0
WR,Jordan Veasy (15356072),Jordan Veasy,15356072,WR/FLEX,3000,WAS@ARI 09/20/2020 04:05PM ET,WAS,0
WR,Trent Sherfield (15356074),Trent Sherfield,15356074,WR/FLEX,3000,WAS@ARI 09/20/2020 04:05PM ET,ARI,0
DST,Cardinals  (15356396),Cardinals ,15356396,DST,3000,WAS@ARI 09/20/2020 04:05PM ET,ARI,6
WR,Jalen Guyton (15356056),Jalen Guyton,15356056,WR/FLEX,3000,KC@LAC 09/20/2020 04:25PM ET,LAC,2.6
WR,K.J. Hill (15356058),K.J. Hill,15356058,WR/FLEX,3000,KC@LAC 09/20/2020 04:25PM ET,LAC,0
WR,Marcus Kemp (15356060),Marcus Kemp,15356060,WR/FLEX,3000,KC@LAC 09/20/2020 04:25PM ET,KC,0
WR,Byron Pringle (15356062),Byron Pringle,15356062,WR/FLEX,3000,KC@LAC 09/20/2020 04:25PM ET,KC,0
WR,Keke Coutee (15356042),Keke Coutee,15356042,WR/FLEX,3000,BAL@HOU 09/20/2020 04:25PM ET,HOU,0
WR,Chris Moore (15356044),Chris Moore,15356044,WR/FLEX,3000,BAL@HOU 09/20/2020 04:25PM ET,BAL,0
WR,James Proche (15356046),James Proche,15356046,WR/FLEX,3000,BAL@HOU 09/20/2020 04:25PM ET,BAL,0
WR,Antoine Wesley (15356048),Antoine Wesley,15356048,WR/FLEX,3000,BAL@HOU 09/20/2020 04:25PM ET,BAL,0
WR,DeAndrew White (15356050),DeAndrew White,15356050,WR/FLEX,3000,BAL@HOU 09/20/2020 04:25PM ET,BAL,0
WR,DeAndre Carter (15356052),DeAndre Carter,15356052,WR/FLEX,3000,BAL@HOU 09/20/2020 04:25PM ET,HOU,1.8
WR,Isaiah Coulter (15356054),Isaiah Coulter,15356054,WR/FLEX,3000,BAL@HOU 09/20/2020 04:25PM ET,HOU,0
TE,Josiah Deguara (15356260),Josiah Deguara,15356260,TE/FLEX,2900,DET@GB 09/20/2020 01:00PM ET,GB,2.2
TE,Ryan Griffin (15356258),Ryan Griffin,15356258,TE/FLEX,2900,SF@NYJ 09/20/2020 01:00PM ET,NYJ,0
TE,Josh Oliver (15356256),Josh Oliver,15356256,TE/FLEX,2900,JAX@TEN 09/20/2020 01:00PM ET,JAX,0
DST,Buccaneers  (15356397),Buccaneers ,15356397,DST,2900,CAR@TB 09/20/2020 01:00PM ET,TB,0
TE,Irv Smith Jr. (15356252),Irv Smith Jr.,15356252,TE/FLEX,2900,MIN@IND 09/20/2020 01:00PM ET,MIN,2.1
TE,Trey Burton (15356254),Trey Burton,15356254,TE/FLEX,2900,MIN@IND 09/20/2020 01:00PM ET,IND,0
TE,Levine Toilolo (15356268),Levine Toilolo,15356268,TE/FLEX,2800,NYG@CHI 09/20/2020 01:00PM ET,NYG,2.3
TE,Cole Kmet (15356270),Cole Kmet,15356270,TE/FLEX,2800,NYG@CHI 09/20/2020 01:00PM ET,CHI,0
TE,Gerald Everett (15356266),Gerald Everett,15356266,TE/FLEX,2800,LAR@PHI 09/20/2020 01:00PM ET,LAR,1.7
DST,Rams  (15356398),Rams ,15356398,DST,2800,LAR@PHI 09/20/2020 01:00PM ET,LAR,4
TE,Maxx Williams (15356262),Maxx Williams,15356262,TE/FLEX,2800,WAS@ARI 09/20/2020 04:05PM ET,ARI,0
TE,Darrell Daniels (15356264),Darrell Daniels,15356264,TE/FLEX,2800,WAS@ARI 09/20/2020 04:05PM ET,ARI,0
TE,Marcedes Lewis (15356278),Marcedes Lewis,15356278,TE/FLEX,2700,DET@GB 09/20/2020 01:00PM ET,GB,0
TE,Jesse James (15356280),Jesse James,15356280,TE/FLEX,2700,DET@GB 09/20/2020 01:00PM ET,DET,0
TE,James O'Shaughnessy (15356276),James O'Shaughnessy,15356276,TE/FLEX,2700,JAX@TEN 09/20/2020 01:00PM ET,JAX,1
TE,Chris Manhertz (15356274),Chris Manhertz,15356274,TE/FLEX,2700,CAR@TB 09/20/2020 01:00PM ET,CAR,1.4
DST,Cowboys  (15356399),Cowboys ,15356399,DST,2700,ATL@DAL 09/20/2020 01:00PM ET,DAL,4
TE,Ricky Seals-Jones (15356272),Ricky Seals-Jones,15356272,TE/FLEX,2700,KC@LAC 09/20/2020 04:25PM ET,KC,0
TE,Jordan Reed (15356288),Jordan Reed,15356288,TE/FLEX,2600,SF@NYJ 09/20/2020 01:00PM ET,SF,3.2
DST,Eagles  (15356400),Eagles ,15356400,DST,2600,LAR@PHI 09/20/2020 01:00PM ET,PHI,3
TE,Cameron Brate (15356286),Cameron Brate,15356286,TE/FLEX,2600,CAR@TB 09/20/2020 01:00PM ET,TB,0
TE,Nick Vannett (15356284),Nick Vannett,15356284,TE/FLEX,2600,DEN@PIT 09/20/2020 01:00PM ET,DEN,0.4
DST,Falcons  (15356401),Falcons ,15356401,DST,2600,ATL@DAL 09/20/2020 01:00PM ET,ATL,-1
TE,Adam Shaheen (15356282),Adam Shaheen,15356282,TE/FLEX,2600,BUF@MIA 09/20/2020 01:00PM ET,MIA,0
TE,Robert Tonyan (15356382),Robert Tonyan,15356382,TE/FLEX,2500,DET@GB 09/20/2020 01:00PM ET,GB,0
TE,Hunter Bryant (15356384),Hunter Bryant,15356384,TE/FLEX,2500,DET@GB 09/20/2020 01:00PM ET,DET,0
TE,Ross Dwelley (15356372),Ross Dwelley,15356372,TE/FLEX,2500,SF@NYJ 09/20/2020 01:00PM ET,SF,0
TE,Charlie Woerner (15356374),Charlie Woerner,15356374,TE/FLEX,2500,SF@NYJ 09/20/2020 01:00PM ET,SF,0
TE,Kyle Nelson (15356376),Kyle Nelson,15356376,TE/FLEX,2500,SF@NYJ 09/20/2020 01:00PM ET,SF,0
TE,Trevon Wesco (15356378),Trevon Wesco,15356378,TE/FLEX,2500,SF@NYJ 09/20/2020 01:00PM ET,NYJ,0
TE,Daniel Brown (15356380),Daniel Brown,15356380,TE/FLEX,2500,SF@NYJ 09/20/2020 01:00PM ET,NYJ,0
TE,Eric Tomlinson (15356360),Eric Tomlinson,15356360,TE/FLEX,2500,NYG@CHI 09/20/2020 01:00PM ET,NYG,0
TE,Demetrius Harris (15356362),Demetrius Harris,15356362,TE/FLEX,2500,NYG@CHI 09/20/2020 01:00PM ET,CHI,0
TE,J.P. Holtz (15356364),J.P. Holtz,15356364,TE/FLEX,2500,NYG@CHI 09/20/2020 01:00PM ET,CHI,0
TE,Eric Saubert (15356366),Eric Saubert,15356366,TE/FLEX,2500,NYG@CHI 09/20/2020 01:00PM ET,CHI,0
TE,Darion Clark (15356368),Darion Clark,15356368,TE/FLEX,2500,NYG@CHI 09/20/2020 01:00PM ET,CHI,0
TE,Patrick Scales (15356370),Patrick Scales,15356370,TE/FLEX,2500,NYG@CHI 09/20/2020 01:00PM ET,CHI,0
TE,Richard Rodgers (15356352),Richard Rodgers,15356352,TE/FLEX,2500,LAR@PHI 09/20/2020 01:00PM ET,PHI,0
TE,Joshua Perkins (15356354),Joshua Perkins,15356354,TE/FLEX,2500,LAR@PHI 09/20/2020 01:00PM ET,PHI,0
TE,Johnny Mundt (15356356),Johnny Mundt,15356356,TE/FLEX,2500,LAR@PHI 09/20/2020 01:00PM ET,LAR,0
TE,Brycen Hopkins (15356358),Brycen Hopkins,15356358,TE/FLEX,2500,LAR@PHI 09/20/2020 01:00PM ET,LAR,0
TE,Ben Ellefson (15356340),Ben Ellefson,15356340,TE/FLEX,2500,JAX@TEN 09/20/2020 01:00PM ET,JAX,0
TE,Tyler Davis (15356342),Tyler Davis,15356342,TE/FLEX,2500,JAX@TEN 09/20/2020 01:00PM ET,JAX,0
TE,MyCole Pruitt (15356344),MyCole Pruitt,15356344,TE/FLEX,2500,JAX@TEN 09/20/2020 01:00PM ET,TEN,7.1
TE,Anthony Firkser (15356346),Anthony Firkser,15356346,TE/FLEX,2500,JAX@TEN 09/20/2020 01:00PM ET,TEN,2.5
TE,Geoff Swaim (15356348),Geoff Swaim,15356348,TE/FLEX,2500,JAX@TEN 09/20/2020 01:00PM ET,TEN,0
TE,Beau Brinkley (15356350),Beau Brinkley,15356350,TE/FLEX,2500,JAX@TEN 09/20/2020 01:00PM ET,TEN,0
TE,Colin Thompson (15356336),Colin Thompson,15356336,TE/FLEX,2500,CAR@TB 09/20/2020 01:00PM ET,CAR,0
TE,Antony Auclair (15356338),Antony Auclair,15356338,TE/FLEX,2500,CAR@TB 09/20/2020 01:00PM ET,TB,0
TE,Zach Gentry (15356326),Zach Gentry,15356326,TE/FLEX,2500,DEN@PIT 09/20/2020 01:00PM ET,PIT,0
TE,Jake Butt (15356328),Jake Butt,15356328,TE/FLEX,2500,DEN@PIT 09/20/2020 01:00PM ET,DEN,1
TE,Albert Okwuegbunam (15356330),Albert Okwuegbunam,15356330,TE/FLEX,2500,DEN@PIT 09/20/2020 01:00PM ET,DEN,0
TE,Austin Fort (15356332),Austin Fort,15356332,TE/FLEX,2500,DEN@PIT 09/20/2020 01:00PM ET,DEN,0
TE,Andrew Beck (15356334),Andrew Beck,15356334,TE/FLEX,2500,DEN@PIT 09/20/2020 01:00PM ET,DEN,0
DST,Broncos  (15356402),Broncos ,15356402,DST,2500,DEN@PIT 09/20/2020 01:00PM ET,DEN,4
TE,Sean McKeon (15356320),Sean McKeon,15356320,TE/FLEX,2500,ATL@DAL 09/20/2020 01:00PM ET,DAL,0
TE,Jaeden Graham (15356322),Jaeden Graham,15356322,TE/FLEX,2500,ATL@DAL 09/20/2020 01:00PM ET,ATL,0
TE,Luke Stocker (15356324),Luke Stocker,15356324,TE/FLEX,2500,ATL@DAL 09/20/2020 01:00PM ET,ATL,0
TE,Tyler Conklin (15356316),Tyler Conklin,15356316,TE/FLEX,2500,MIN@IND 09/20/2020 01:00PM ET,MIN,0
TE,Noah Togiai (15356318),Noah Togiai,15356318,TE/FLEX,2500,MIN@IND 09/20/2020 01:00PM ET,IND,0
DST,Colts  (15356403),Colts ,15356403,DST,2500,MIN@IND 09/20/2020 01:00PM ET,IND,4
TE,Durham Smythe (15356308),Durham Smythe,15356308,TE/FLEX,2500,BUF@MIA 09/20/2020 01:00PM ET,MIA,0
TE,Tyler Kroft (15356310),Tyler Kroft,15356310,TE/FLEX,2500,BUF@MIA 09/20/2020 01:00PM ET,BUF,0
TE,Lee Smith (15356312),Lee Smith,15356312,TE/FLEX,2500,BUF@MIA 09/20/2020 01:00PM ET,BUF,0
TE,Tommy Sweeney (15356314),Tommy Sweeney,15356314,TE/FLEX,2500,BUF@MIA 09/20/2020 01:00PM ET,BUF,0
TE,Marcus Baugh (15356304),Marcus Baugh,15356304,TE/FLEX,2500,WAS@ARI 09/20/2020 04:05PM ET,WAS,0
TE,Thaddeus Moss (15356306),Thaddeus Moss,15356306,TE/FLEX,2500,WAS@ARI 09/20/2020 04:05PM ET,WAS,0
TE,Virgil Green (15356292),Virgil Green,15356292,TE/FLEX,2500,KC@LAC 09/20/2020 04:25PM ET,LAC,2
TE,Stephen Anderson (15356294),Stephen Anderson,15356294,TE/FLEX,2500,KC@LAC 09/20/2020 04:25PM ET,LAC,0
TE,Donald Parham Jr. (15356296),Donald Parham Jr.,15356296,TE/FLEX,2500,KC@LAC 09/20/2020 04:25PM ET,LAC,0
TE,Nick Keizer (15356298),Nick Keizer,15356298,TE/FLEX,2500,KC@LAC 09/20/2020 04:25PM ET,KC,0
TE,Deon Yelder (15356300),Deon Yelder,15356300,TE/FLEX,2500,KC@LAC 09/20/2020 04:25PM ET,KC,0
TE,James Winchester (15356302),James Winchester,15356302,TE/FLEX,2500,KC@LAC 09/20/2020 04:25PM ET,KC,0
TE,Kahale Warring (15356290),Kahale Warring,15356290,TE/FLEX,2500,BAL@HOU 09/20/2020 04:25PM ET,HOU,0
DST,Giants  (15356404),Giants ,15356404,DST,2400,NYG@CHI 09/20/2020 01:00PM ET,NYG,4
DST,Jaguars  (15356405),Jaguars ,15356405,DST,2300,JAX@TEN 09/20/2020 01:00PM ET,JAX,6
DST,Panthers  (15356407),Panthers ,15356407,DST,2200,CAR@TB 09/20/2020 01:00PM ET,CAR,-1
DST,Texans  (15356406),Texans ,15356406,DST,2200,BAL@HOU 09/20/2020 04:25PM ET,HOU,0
DST,Lions  (15356408),Lions ,15356408,DST,2100,DET@GB 09/20/2020 01:00PM ET,DET,1
DST,Dolphins  (15356409),Dolphins ,15356409,DST,2100,BUF@MIA 09/20/2020 01:00PM ET,MIA,4
DST,Jets  (15356411),Jets ,15356411,DST,2000,SF@NYJ 09/20/2020 01:00PM ET,NYJ,7
DST,Chargers  (15356410),Chargers ,15356410,DST,2000,KC@LAC 09/20/2020 04:25PM ET,LAC,11
