Rk,Player,Tm,FantPos,Age,G,GS,Cmp,Att,Yds,TD,Int,Att,Yds,Y/A,TD,Tgt,Rec,Yds,Y/R,TD,Fmb,FL,TD,2PM,2PP,FantPtâ–¼,PPR,DKPt,FDPt,VBD,PosRank,OvRank
1,Russell Wilson\WilsRu00,SEA,QB,32,3,3,79,103,925,14,1,14,90,6.43,0,0,0,0,,0,1,0,0,,1,102,102.0,106.0,103.0,43,1,2
2,Josh Allen\AlleJo02,BUF,QB,24,3,3,81,114,1038,10,1,22,84,3.82,2,0,0,0,,0,3,3,2,,,94,93.9,100.9,94.9,35,2,5
3,Patrick Mahomes\MahoPa00,KAN,QB,25,3,3,82,121,898,9,0,10,80,8.00,1,0,0,0,,0,0,0,1,,1,88,87.9,90.9,87.9,29,3,7
4,Dak Prescott\PresDa01,DAL,QB,27,3,3,96,143,1188,5,2,14,74,5.29,3,0,0,0,,0,2,2,3,,,85,84.9,91.9,86.9,26,4,9
5,Alvin Kamara\KamaAl00,NOR,RB,25,3,2,0,0,0,0,0,31,153,4.94,3,31,27,285,10.56,3,0,0,6,,,80,106.8,112.8,93.3,50,1,1
6,Kyler Murray\MurrKy00,ARI,QB,23,3,3,75,113,786,4,5,26,187,7.19,4,0,0,0,,0,0,0,4,,,80,80.1,91.1,85.1,21,5,14
7,Aaron Rodgers\RodgAa00,GNB,QB,37,3,3,71,106,887,9,0,5,26,5.20,0,1,1,-6,-6.00,0,0,0,0,,,73,74.5,77.5,74.0,14,6,23
8,Cam Newton\NewtCa00,NWE,QB,31,3,3,62,91,714,2,2,35,149,4.26,4,0,0,0,,0,0,0,4,,,71,71.5,79.5,73.5,12,7,31
9,Aaron Jones\JoneAa00,GNB,RB,26,3,3,0,0,0,0,0,50,303,6.06,4,18,10,95,9.50,1,1,0,5,,,70,79.8,82.8,74.8,40,2,3
10,Matt Ryan\RyanMa00,ATL,QB,35,3,3,80,128,961,7,2,6,14,2.33,0,0,0,0,,0,0,0,0,,,64,63.8,68.8,65.8,5,8,54
11,Jared Goff\GoffJa00,LAR,QB,26,3,3,63,90,863,5,2,13,32,2.46,1,0,0,0,,0,0,0,1,,1,62,61.7,66.7,63.7,2,9,64
12,Joe Burrow\BurrJo01,CIN,QB,24,3,3,91,141,821,5,1,16,64,4.00,1,0,0,0,,0,3,1,1,,,61,61.2,66.2,62.2,2,10,67
13,Calvin Ridley\RidlCa00,ATL,WR,26,3,3,0,0,0,0,0,2,6,3.00,0,35,21,349,16.62,4,0,0,4,,,60,80.5,83.5,70.0,36,1,4
14,Dalvin Cook\CookDa01,MIN,RB,25,3,3,0,0,0,0,0,48,294,6.13,4,9,5,24,4.80,0,1,1,4,3,,60,64.8,68.8,62.3,30,3,6
15,Ben Roethlisberger\RoetBe00,PIT,QB,38,3,3,73,109,777,7,1,11,4,0.36,0,0,0,0,,0,2,0,0,,1,59,59.5,63.5,60.5,,11,74
16,Lamar Jackson\JackLa00,BAL,QB,23,3,3,53,77,576,5,0,32,182,5.69,0,0,0,0,,0,3,1,0,,,59,59.2,66.2,59.2,,12,
17,Ryan Tannehill\TannRy00,TEN,QB,32,3,3,70,104,809,6,1,11,35,3.18,0,1,1,0,0.00,0,2,0,0,,,58,58.9,62.9,59.4,,13,
18,Ryan Fitzpatrick\FitzRy00,MIA,QB,38,3,3,69,97,679,4,3,15,68,4.53,1,1,1,0,0.00,0,1,0,1,1,1,54,55.0,61.0,57.5,,14,
19,Nick Chubb\ChubNi00,CLE,RB,25,3,3,0,0,0,0,0,51,292,5.73,4,3,3,17,5.67,0,1,1,4,,,53,55.9,59.9,54.4,23,4,10
20,Ezekiel Elliott\ElliEz00,DAL,RB,25,3,3,0,0,0,0,0,58,219,3.78,3,23,15,88,5.87,1,2,1,4,,,53,67.7,71.7,60.2,23,5,11
21,Deshaun Watson\WatsDe00,HOU,QB,25,3,3,64,95,792,4,3,12,49,4.08,1,0,0,0,,0,0,0,1,,,53,52.6,58.6,55.6,,17,
22,Gardner Minshew II\MinsGa00,JAX,QB,24,3,3,79,107,787,6,3,12,60,5.00,0,0,0,0,,0,2,1,0,,,53,53.5,60.5,56.5,,15,
23,Tom Brady\BradTo00,TAM,QB,43,3,3,71,109,753,6,3,9,9,1.00,1,0,0,0,,0,3,1,1,,,53,53.0,60.0,56.0,,16,
24,James Robinson\RobiJa00,JAX,RB,22,3,3,0,0,0,0,0,43,210,4.88,3,11,10,129,12.90,0,0,0,3,,,52,61.9,67.9,56.9,22,6,12
25,Drew Brees\BreeDr00,NOR,QB,41,3,3,73,104,760,6,1,2,0,0.00,0,0,0,0,,0,1,0,0,,,52,52.4,56.4,53.4,,18,
26,Matthew Stafford\StafMa00,DET,QB,32,3,3,66,106,811,5,2,7,24,3.43,0,0,0,0,,0,0,0,0,,,51,50.8,55.8,52.8,,19,
27,Derek Carr\CarrDe02,LVR,QB,29,3,3,74,100,784,6,0,5,13,2.60,0,0,0,0,,0,4,3,0,,,51,50.7,56.7,50.7,,20,
28,Tyler Lockett\LockTy00,SEA,WR,28,3,3,0,0,0,0,0,0,0,,0,29,24,259,10.79,4,0,0,4,,,50,73.9,76.9,61.9,26,2,8
29,Josh Jacobs\JacoJo01,LVR,RB,22,3,3,0,0,0,0,0,68,252,3.71,3,13,10,75,7.50,0,1,1,3,,,49,58.7,62.7,53.7,19,7,16
30,Mitchell Trubisky\TrubMi00,CHI,QB,26,3,3,51,86,560,6,3,8,87,10.88,0,0,0,0,,0,1,0,0,,,49,49.1,55.1,52.1,,21,
31,Derrick Henry\HenrDe00,TEN,RB,26,3,3,0,0,0,0,0,82,319,3.89,2,8,5,26,5.20,0,0,0,2,,,47,51.5,54.5,49.0,17,8,19
32,Carson Wentz\WentCa00,PHI,QB,28,3,3,79,132,737,3,6,12,74,6.17,2,0,0,0,,0,3,1,2,,,47,46.9,56.9,52.9,,22,
33,D.K. Metcalf\MetcDK00,SEA,WR,23,3,3,0,0,0,0,0,0,0,,0,22,12,297,24.75,3,1,1,3,,,46,57.7,61.7,51.7,22,3,13
34,Christian McCaffrey\McCaCh01,CAR,RB,24,2,2,0,0,0,0,0,41,156,3.80,4,9,7,67,9.57,0,0,0,4,,,46,53.3,56.3,49.8,16,9,20
35,Tyreek Hill\HillTy00,KAN,WR,26,3,3,0,0,0,0,0,3,34,11.33,0,23,15,222,14.80,3,0,0,3,,,44,58.6,61.6,51.1,20,4,15
36,Austin Ekeler\EkelAu00,LAC,RB,25,3,3,0,0,0,0,0,47,236,5.02,1,16,16,142,8.88,0,0,0,1,,,44,59.8,65.8,51.8,14,10,25
37,Chris Carson\CarsCh00,SEA,RB,26,3,3,0,0,0,0,0,37,157,4.24,0,12,12,93,7.75,3,0,0,3,,,43,55.0,58.0,49.0,13,11,28
38,Kareem Hunt\HuntKa00,CLE,RB,25,3,0,0,0,0,0,0,39,204,5.23,1,11,8,42,5.25,2,1,0,3,,,43,50.6,53.6,46.6,13,12,30
39,Teddy Bridgewater\BridTe00,CAR,QB,28,3,3,77,104,871,2,2,6,38,6.33,0,0,0,0,,0,1,1,0,,1,43,42.6,48.6,44.6,,23,
40,DeAndre Hopkins\HopkDe00,ARI,WR,28,3,3,0,0,0,0,0,0,0,,0,37,32,356,11.13,1,0,0,1,,,42,73.6,76.6,57.6,18,5,17
41,Stefon Diggs\DiggSt00,BUF,WR,27,3,3,0,0,0,0,0,0,0,,0,28,20,288,14.40,2,0,0,2,,,41,60.8,63.8,50.8,17,6,18
42,James Conner\ConnJa00,PIT,RB,25,3,3,0,0,0,0,0,40,224,5.60,2,11,8,63,7.88,0,0,0,2,,,41,48.7,51.7,44.7,11,13,34
43,Clyde Edwards-Helaire\EdwaCl00,KAN,RB,21,3,3,0,0,0,0,0,55,240,4.36,1,16,11,102,9.27,0,0,0,1,,,40,51.2,57.2,45.7,10,14,36
44,Kirk Cousins\CousKi00,MIN,QB,32,3,3,46,78,623,5,6,6,48,8.00,0,0,0,0,,0,1,0,0,,1,40,39.7,48.7,45.7,,24,
45,Allen Lazard\LazaAl00,GNB,WR,25,3,3,0,0,0,0,0,2,17,8.50,0,17,13,254,19.54,2,0,0,2,,,39,52.1,55.1,45.6,15,7,22
46,Baker Mayfield\MayfBa00,CLE,QB,25,3,3,53,85,564,5,2,6,9,1.50,0,0,0,0,,0,0,0,0,,,39,39.5,44.5,41.5,,25,
47,Robert Woods\WoodRo02,LAR,WR,28,3,3,0,0,0,0,0,7,63,9.00,1,19,13,193,14.85,1,1,0,2,,,38,50.6,53.6,44.1,14,8,26
48,Jonathan Taylor\TaylJo02,IND,RB,21,3,2,0,0,0,0,0,48,182,3.79,2,9,9,79,8.78,0,0,0,2,,,38,47.1,50.1,42.6,8,15,40
49,Jerick McKinnon\McKiJe00,SFO,RB,28,3,1,0,0,0,0,0,20,139,6.95,2,10,6,59,9.83,1,0,0,3,,,38,43.8,46.8,40.8,8,16,41
50,Raheem Mostert\MostRa00,SFO,RB,28,2,2,0,0,0,0,0,23,148,6.43,1,7,6,110,18.33,1,0,0,2,,,38,43.8,49.8,40.8,8,17,42
51,Philip Rivers\RivePh00,IND,QB,39,3,3,72,92,794,3,3,5,6,1.20,0,0,0,0,,0,1,0,0,,,38,38.4,44.4,41.4,,26,
52,Adam Thielen\ThieAd00,MIN,WR,30,3,3,0,0,0,0,0,1,4,4.00,0,21,12,170,14.17,3,0,0,3,1,,37,49.4,52.4,43.4,13,9,27
53,Darrell Henderson\HendDa00,LAR,RB,23,3,1,0,0,0,0,0,35,201,5.74,2,6,3,46,15.33,0,0,0,2,,,37,39.7,42.7,38.2,7,18,45
54,Justin Herbert\HerbJu00,LAC,QB,22,2,2,57,82,641,2,2,7,33,4.71,1,0,0,0,,0,2,1,1,,,37,36.9,42.9,38.9,,27,
55,Jonnu Smith\SmitJo01,TEN,TE,25,3,3,0,0,0,0,0,0,0,,0,20,13,181,13.92,3,0,0,3,,,36,49.1,52.1,42.6,16,1,21
56,JuJu Smith-Schuster\SmitJu00,PIT,WR,24,3,3,0,0,0,0,0,0,0,,0,19,17,160,9.41,3,0,0,3,1,,36,53.0,56.0,44.5,12,10,32
57,Rex Burkhead\BurkRe00,NWE,RB,30,3,0,0,0,0,0,0,19,83,4.37,2,16,11,96,8.73,1,0,0,3,,,36,46.9,46.9,41.4,6,19,49
58,Travis Kelce\KelcTr00,KAN,TE,31,3,3,0,0,0,0,0,0,0,,0,27,21,227,10.81,2,0,0,2,,,35,55.7,58.7,45.2,14,2,24
59,Mike Evans\EvanMi00,TAM,WR,27,3,3,0,0,0,0,0,0,0,,0,18,10,108,10.80,4,0,0,4,,,35,44.8,47.8,39.8,11,11,35
60,Robby Anderson\AndeRo04,CAR,WR,27,3,3,0,0,0,0,0,0,0,,0,24,20,278,13.90,1,1,1,1,1,,34,53.8,57.8,43.8,10,12,37
61,Dwayne Haskins\HaskDw00,WAS,QB,23,3,3,57,101,625,4,3,10,27,2.70,0,0,0,0,,0,4,2,0,,,34,33.7,41.7,36.7,,28,
62,Tyler Higbee\HigbTy00,LAR,TE,27,3,3,0,0,0,0,0,0,0,,0,11,10,134,13.40,3,0,0,3,1,,33,43.4,46.4,38.4,13,3,29
63,Terry McLaurin\McLaTe00,WAS,WR,25,3,3,0,0,0,0,0,1,3,3.00,0,25,16,269,16.81,1,0,0,1,,,33,49.2,52.2,41.2,9,13,38
64,David Johnson\JohnDa08,HOU,RB,29,3,3,0,0,0,0,0,35,134,3.83,2,11,7,71,10.14,0,0,0,2,,,33,39.5,42.5,36.0,3,20,61
65,Daniel Jones\JoneDa05,NYG,QB,23,3,3,68,113,699,2,4,12,92,7.67,0,0,0,0,,0,2,2,0,,,33,33.2,42.2,37.2,,29,
66,Jimmy Garoppolo\GaroJi00,SFO,QB,29,2,2,33,49,390,4,0,1,9,9.00,0,0,0,0,,0,0,0,0,,,33,32.5,35.5,32.5,,30,
67,Noah Fant\FantNo00,DEN,TE,23,3,3,0,0,0,0,0,0,0,,0,21,14,184,13.14,2,0,0,2,1,,32,46.4,49.4,39.4,12,4,33
68,Todd Gurley\GurlTo01,ATL,RB,26,3,3,0,0,0,0,0,49,197,4.02,2,7,3,3,1.00,0,0,0,2,,,32,35.0,38.0,33.5,2,21,66
69,David Montgomery\MontDa01,CHI,RB,23,3,3,0,0,0,0,0,43,191,4.44,0,9,6,64,10.67,1,0,0,1,,,32,37.5,40.5,34.5,2,22,68
70,Davante Adams\AdamDa01,GNB,WR,28,2,2,0,0,0,0,0,0,0,,0,20,17,192,11.29,2,0,0,2,,,31,48.2,51.2,39.7,7,14,44
71,Michael Gallup\GallMi00,DAL,WR,24,3,3,0,0,0,0,0,0,0,,0,19,11,246,22.36,1,0,0,1,,,31,41.6,44.6,36.1,7,15,46
72,Justin Jefferson\JeffJu00,MIN,WR,21,3,1,0,0,0,0,0,0,0,,0,15,12,245,20.42,1,0,0,1,,,31,42.5,45.5,36.5,7,17,47
73,Keenan Allen\AlleKe00,LAC,WR,28,3,3,0,0,0,0,0,0,0,,0,37,24,265,11.04,1,2,1,1,,,31,54.5,58.5,42.5,7,16,48
74,Melvin Gordon\GordMe00,DEN,RB,27,3,3,0,0,0,0,0,42,174,4.14,1,12,9,34,3.78,1,1,1,2,,,31,39.8,43.8,35.3,1,23,70
75,Mike Gesicki\GesiMi00,MIA,TE,25,3,3,0,0,0,0,0,0,0,,0,19,12,175,14.58,2,0,0,2,,,30,41.5,44.5,35.5,9,5,39
76,Kenyan Drake\DrakKe00,ARI,RB,26,3,1,0,0,0,0,0,54,219,4.06,1,5,5,20,4.00,0,0,0,1,,,30,34.9,37.9,32.4,,24,76
77,Sam Darnold\DarnSa00,NYJ,QB,23,3,3,59,96,562,3,4,8,33,4.13,0,0,0,0,,0,0,0,0,,,30,29.8,36.8,33.8,,31,
78,Malcolm Brown\BrowMa03,LAR,RB,27,3,0,0,0,0,0,0,36,145,4.03,2,6,3,31,10.33,0,0,0,2,,,30,32.6,35.6,31.1,,25,
79,Tyler Boyd\BoydTy00,CIN,WR,26,3,2,0,0,0,0,0,0,0,,0,26,21,230,10.95,1,0,0,1,,,29,50.0,53.0,39.5,5,18,50
80,Allen Robinson\RobiAl02,CHI,WR,27,3,3,0,0,0,0,0,1,-1,-1.00,0,31,18,230,12.78,1,0,0,1,,,29,46.9,49.9,37.9,5,19,51
81,Darius Slayton\SlayDa01,NYG,WR,23,3,2,0,0,0,0,0,0,0,,0,22,12,188,15.67,2,1,1,2,,,29,40.8,44.8,34.8,5,20,52
82,Cooper Kupp\KuppCo00,LAR,WR,27,3,2,0,0,0,0,0,2,19,9.50,0,21,18,228,12.67,1,1,1,1,,,29,46.7,50.7,37.7,5,21,53
83,Jeff Driskel\DrisJe00,DEN,QB,27,2,1,35,64,432,3,2,5,19,3.80,0,0,0,0,,0,0,0,0,,1,29,29.2,34.2,31.2,,32,
84,Jimmy Graham\GrahJi00,CHI,TE,34,3,3,0,0,0,0,0,0,0,,0,18,10,103,10.30,3,1,0,3,,,28,38.3,41.3,33.3,8,6,43
85,Julian Edelman\EdelJu00,NWE,WR,34,3,0,0,0,0,0,0,2,22,11.00,0,24,15,259,17.27,0,0,0,0,,,28,43.1,46.1,35.6,4,22,55
86,Miles Sanders\SandMi01,PHI,RB,23,2,2,0,0,0,0,0,38,190,5.00,1,15,7,48,6.86,0,1,1,1,,,28,34.8,38.8,31.3,,26,
87,Leonard Fournette\FourLe00,TAM,RB,25,3,0,0,0,0,0,0,24,123,5.13,2,8,7,34,4.86,0,0,0,2,,,28,34.7,37.7,31.2,,27,
88,John Brown\BrowJo02,BUF,WR,30,3,3,0,0,0,0,0,0,0,,0,18,10,152,15.20,2,0,0,2,,,27,37.2,40.2,32.2,3,23,57
89,Keelan Cole\ColeKe00,JAX,WR,27,3,1,0,0,0,0,0,0,0,,0,17,15,148,9.87,2,0,0,2,,,27,41.8,44.8,34.3,3,24,58
90,Amari Cooper\CoopAm00,DAL,WR,26,3,3,0,0,0,0,0,0,0,,0,35,25,267,10.68,0,0,0,0,,,27,51.7,54.7,39.2,3,25,59
91,Corey Davis\DaviCo03,TEN,WR,25,3,3,0,0,0,0,0,0,0,,0,19,15,206,13.73,1,0,0,1,,,27,41.6,44.6,34.1,3,26,60
92,Joshua Kelley\KellJo01,LAC,RB,23,3,0,0,0,0,0,0,43,167,3.88,1,4,4,58,14.50,0,1,1,1,,,27,30.5,34.5,28.5,,28,
93,Nyheim Hines\HineNy00,IND,RB,24,3,0,0,0,0,0,0,14,49,3.50,1,14,13,89,6.85,1,0,0,2,,,26,38.8,38.8,32.3,,29,
94,Sony Michel\MichSo00,NWE,RB,25,3,3,0,0,0,0,0,26,173,6.65,1,3,2,23,11.50,0,0,0,1,,,26,27.6,30.6,26.6,,30,
95,Antonio Gibson\GibsAn00,WAS,RB,22,3,2,0,0,0,0,0,31,140,4.52,2,7,6,16,2.67,0,1,1,2,,,26,31.6,35.6,28.6,,31,
96,Anthony Miller\MillAn02,CHI,WR,26,3,0,0,0,0,0,0,1,9,9.00,0,14,6,117,19.50,2,1,0,2,,,25,30.6,33.6,27.6,1,28,71
97,Russell Gage\GageRu00,ATL,WR,24,3,3,0,1,0,0,0,0,0,,0,24,17,186,10.94,1,0,0,1,,,25,41.6,44.6,33.1,1,27,72
98,Devin Singletary\SingDe00,BUF,RB,23,3,3,0,0,0,0,0,32,157,4.91,0,15,11,93,8.45,0,0,0,0,,,25,36.0,39.0,30.5,,32,
99,J.K. Dobbins\DobbJK00,BAL,RB,22,3,0,0,0,0,0,0,10,76,7.60,2,5,5,51,10.20,0,0,0,2,,,25,29.7,29.7,27.2,,33,
100,Mo Alie-Cox\AlieMo00,IND,TE,27,3,1,0,0,0,0,0,0,0,,0,11,10,181,18.10,1,0,0,1,,,24,34.1,37.1,29.1,4,7,56
101,Braxton Berrios\BerrBr00,NYJ,WR,25,3,1,0,0,0,0,0,0,0,,0,12,10,123,12.30,2,0,0,2,,,24,34.3,37.3,29.3,,29,73
102,CeeDee Lamb\LambCe00,DAL,WR,21,3,3,0,0,0,0,0,2,10,5.00,0,21,16,230,14.38,0,0,0,0,,,24,40.0,43.0,32.0,,30,78
103,D.J. Moore\MoorD.00,CAR,WR,23,3,3,0,0,0,0,0,0,0,,0,26,14,239,17.07,0,0,0,0,,,24,37.9,40.9,30.9,,31,
104,Adrian Peterson\PeteAd01,DET,RB,35,3,1,0,0,0,0,0,43,209,4.86,0,4,4,31,7.75,0,0,0,0,,,24,28.0,31.0,26.0,,36,
105,Randall Cobb\CobbRa00,HOU,WR,30,3,1,0,0,0,0,0,0,0,,0,13,11,177,16.09,1,0,0,1,,,24,34.7,37.7,29.2,,32,
106,Myles Gaskin\GaskMy00,MIA,RB,23,3,1,0,0,0,0,0,38,152,4.00,0,16,15,91,6.07,0,0,0,0,,,24,39.3,42.3,31.8,,34,
107,Ronald Jones II\JoneRo01,TAM,RB,23,3,3,0,0,0,0,0,37,142,3.84,1,9,6,40,6.67,0,0,0,1,,,24,30.2,33.2,27.2,,35,
108,Hayden Hurst\HursHa00,ATL,TE,27,3,1,0,0,0,0,0,0,0,,0,16,9,111,12.33,2,0,0,2,,,23,32.1,35.1,27.6,3,8,62
109,T.J. Hockenson\HockTJ00,DET,TE,23,3,3,0,0,0,0,0,0,0,,0,16,13,171,13.15,1,0,0,1,,,23,36.1,39.1,29.6,3,9,63
110,Mark Andrews\AndrMa00,BAL,TE,24,3,0,0,0,0,0,0,0,0,,0,17,9,109,12.11,2,1,0,2,,,23,31.9,34.9,27.4,2,10,65
111,Cole Beasley\BeasCo00,BUF,WR,31,3,2,0,0,0,0,0,0,0,,0,20,15,228,15.20,0,0,0,0,,,23,37.8,40.8,30.3,,34,
112,Mike Davis\DaviMi01,CAR,RB,27,3,1,0,0,0,0,0,14,47,3.36,0,17,16,119,7.44,1,0,0,1,,,23,38.6,41.6,30.6,,37,
113,Andy Isabella\IsabAn00,ARI,WR,24,3,0,0,0,0,0,0,1,-6,-6.00,0,7,6,114,19.00,2,0,0,2,,,23,28.8,31.8,25.8,,35,
114,Cedrick Wilson\WilsCe01,DAL,WR,25,3,0,0,0,0,0,0,0,0,,0,7,5,107,21.40,2,0,0,2,,,23,27.7,30.7,25.2,,36,
115,Marquez Valdes-Scantling\ValdMa00,GNB,WR,26,3,1,0,0,0,0,0,0,0,,0,17,8,165,20.63,1,0,0,1,,,23,30.5,33.5,26.5,,38,
116,Will Fuller\FullWi01,HOU,WR,26,3,3,0,0,0,0,0,1,0,0.00,0,15,12,166,13.83,1,0,0,1,,,23,34.6,37.6,28.6,,37,
117,DeVante Parker\ParkDe01,MIA,WR,27,3,3,0,0,0,0,0,0,0,,0,17,14,169,12.07,1,0,0,1,,,23,36.9,39.9,29.9,,33,
118,Darren Waller\WallDa01,LVR,TE,28,3,3,0,0,0,0,0,0,0,,0,28,20,159,7.95,1,0,0,1,,,22,41.9,44.9,31.9,1,11,69
119,Odell Beckham Jr.\BeckOd00,CLE,WR,28,3,3,0,0,0,0,0,0,0,,0,22,11,155,14.09,1,0,0,1,,,22,32.5,35.5,27.0,,41,
120,Sammy Watkins\WatkSa00,KAN,WR,27,3,3,0,0,0,0,0,1,3,3.00,0,20,15,155,10.33,1,0,0,1,,,22,36.8,39.8,29.3,,40,
121,Chase Claypool\ClayCh01,PIT,WR,22,3,0,0,0,0,0,0,1,8,8.00,0,9,6,151,25.17,1,1,0,1,,,22,27.9,30.9,24.9,,39,
122,Hunter Henry\HenrHu00,LAC,TE,26,3,3,0,0,0,0,0,0,0,,0,23,16,206,12.88,0,0,0,0,,,21,36.6,39.6,28.6,,12,77
123,Laviska Shenault Jr.\ShenLa00,JAX,WR,22,3,2,0,0,0,0,0,8,48,6.00,0,14,11,105,9.55,1,0,0,1,,,21,32.3,35.3,26.8,,42,
124,Emmanuel Sanders\SandEm00,NOR,WR,33,3,1,0,0,0,0,0,0,0,,0,13,8,89,11.13,2,0,0,2,,,21,28.9,28.9,24.9,,43,
125,Jordan Reed\ReedJo02,SFO,TE,30,3,0,0,0,0,0,0,0,0,,0,16,11,85,7.73,2,0,0,2,,,21,31.5,31.5,26.0,,13,
126,Tee Higgins\HiggTe00,CIN,WR,21,3,2,0,0,0,0,0,0,0,,0,15,8,75,9.38,2,0,0,2,,,20,27.5,27.5,23.5,,50,
127,Joe Mixon\MixoJo00,CIN,RB,24,3,3,0,0,0,0,0,52,164,3.15,0,9,7,58,8.29,0,1,1,0,,,20,27.2,31.2,23.7,,38,
128,Robert Tonyan\TonyRo00,GNB,TE,26,3,2,0,0,0,0,0,0,0,,0,8,7,75,10.71,2,0,0,2,,,20,26.5,26.5,23.0,,15,
129,Mecole Hardman\HardMe00,KAN,WR,22,3,1,0,0,0,0,0,1,3,3.00,0,10,7,117,16.71,1,0,0,1,1,,20,27.0,30.0,23.5,,46,
130,Adam Humphries\HumpAd00,TEN,WR,27,3,1,0,0,0,0,0,1,0,0.00,0,20,15,136,9.07,1,0,0,1,,,20,34.6,37.6,27.1,,48,
131,Dallas Goedert\GoedDa00,PHI,TE,25,3,1,0,0,0,0,0,0,0,,0,18,13,138,10.62,1,0,0,1,,,20,32.8,35.8,26.3,,14,
132,Diontae Johnson\JohnDi01,PIT,WR,24,3,3,0,0,0,0,0,1,9,9.00,0,25,14,149,10.64,1,1,1,1,,,20,33.8,37.8,26.8,,47,
133,Hunter Renfrow\RenfHu00,LVR,WR,25,3,0,0,0,0,0,0,0,0,,0,14,11,142,12.91,1,0,0,1,,,20,31.2,34.2,25.7,,45,
134,Mark Ingram\IngrMa01,BAL,RB,31,3,3,0,0,0,0,0,26,114,4.38,1,4,2,22,11.00,0,0,0,1,,,20,21.6,24.6,20.6,,39,
135,Chris Godwin\GodwCh00,TAM,WR,24,2,2,0,0,0,0,0,0,0,,0,13,11,143,13.00,1,0,0,1,,,20,31.3,34.3,25.8,,44,
136,Dontrelle Inman\InmaDo00,WAS,WR,31,3,1,0,0,0,0,0,0,0,,0,16,7,76,10.86,2,1,0,2,,,20,26.6,26.6,23.1,,49,
137,Brian Hill\HillBr02,ATL,RB,25,3,0,0,0,0,0,0,15,84,5.60,1,7,5,41,8.20,0,0,0,1,,,19,23.5,23.5,21.0,,42,
138,Dalton Schultz\SchuDa00,DAL,TE,24,3,1,0,0,0,0,0,0,0,,0,20,14,147,10.50,1,1,1,1,,,19,32.7,36.7,25.7,,17,
139,Marvin Jones\JoneMa02,DET,WR,30,3,3,0,0,0,0,0,0,0,,0,17,11,129,11.73,1,0,0,1,,,19,29.9,32.9,24.4,,51,
140,Jordan Howard\HowaJo00,MIA,RB,26,3,2,0,0,0,0,0,16,12,0.75,3,0,0,0,,0,0,0,3,,,19,19.2,19.2,19.2,,41,
141,Zach Ertz\ErtzZa00,PHI,TE,30,3,3,0,0,0,0,0,0,0,,0,24,15,130,8.67,1,0,0,1,,,19,34.0,37.0,26.5,,16,
142,Jeff Wilson\WilsJe01,SFO,RB,25,3,0,0,0,0,0,0,14,18,1.29,1,3,3,54,18.00,1,0,0,2,,,19,22.2,22.2,20.7,,40,
143,Julio Jones\JoneJu02,ATL,WR,31,2,2,0,0,0,0,0,0,0,,0,16,11,181,16.45,0,0,0,0,,,18,29.1,32.1,23.6,,53,
144,Jordan Akins\AkinJo00,HOU,TE,28,3,2,0,0,0,0,0,0,0,,0,12,11,122,11.09,1,0,0,1,,,18,29.2,32.2,23.7,,18,
145,Jamison Crowder\CrowJa00,NYJ,WR,27,1,1,0,0,0,0,0,0,0,,0,13,7,115,16.43,1,0,0,1,,,18,24.5,27.5,21.0,,54,
146,Brandon Aiyuk\AiyuBr00,SFO,WR,22,2,2,0,0,0,0,0,3,31,10.33,1,11,7,91,13.00,0,0,0,1,,,18,25.2,25.2,21.7,,52,
147,Nick Mullens\MullNi00,SFO,QB,25,2,1,33,47,414,1,1,6,-2,-0.33,0,0,0,0,,0,2,0,0,,,18,18.4,22.4,19.4,,33,
148,Nick Foles\FoleNi00,CHI,QB,31,1,0,16,29,188,3,1,3,-3,-1.00,0,0,0,0,,0,0,0,0,,,17,17.2,18.2,18.2,,34,
149,Jerry Jeudy\JeudJe00,DEN,WR,21,3,2,0,0,0,0,0,0,0,,0,24,13,173,13.31,0,1,0,0,,,17,30.3,33.3,23.8,,56,
150,D'Andre Swift\SwifDA00,DET,RB,21,3,0,0,0,0,0,0,8,20,2.50,1,12,9,94,10.44,0,0,0,1,,,17,26.4,26.4,21.9,,43,
151,DJ Chark\CharDJ00,JAX,WR,24,2,2,0,0,0,0,0,0,0,,0,7,7,109,15.57,1,0,0,1,,,17,23.9,26.9,20.4,,57,
152,Jared Cook\CookJa02,NOR,TE,33,3,1,0,0,0,0,0,0,0,,0,15,9,114,12.67,1,0,0,1,,,17,26.4,29.4,21.9,,19,
153,Eric Ebron\EbroEr00,PIT,TE,27,3,2,0,0,0,0,0,0,0,,0,14,9,113,12.56,1,0,0,1,,,17,26.3,29.3,21.8,,20,
154,Scott Miller\MillSc01,TAM,WR,23,3,2,0,0,0,0,0,2,7,3.50,0,14,10,167,16.70,0,0,0,0,,,17,27.4,30.4,22.4,,55,
155,Gabriel Davis\DaviGa01,BUF,WR,21,3,1,0,0,0,0,0,1,0,0.00,0,7,7,103,14.71,1,0,0,1,,,16,23.3,26.3,19.8,,59,
156,Tim Patrick\PatrTi00,DEN,WR,27,3,3,0,0,0,0,0,0,0,,0,14,10,96,9.60,1,0,0,1,,,16,25.6,25.6,20.6,,63,
157,Greg Ward\WardGr02,PHI,WR,25,3,2,0,0,0,0,0,1,-6,-6.00,0,19,14,108,7.71,1,0,0,1,,,16,30.2,33.2,23.2,,60,
158,Marquise Brown\BrowMa04,BAL,WR,23,3,2,0,0,0,0,0,0,0,,0,18,12,156,13.00,0,0,0,0,,,16,27.6,30.6,21.6,,62,
159,Willie Snead\SneaWi00,BAL,WR,28,3,3,0,0,0,0,0,0,0,,0,8,8,97,12.13,1,0,0,1,,,16,23.7,23.7,19.7,,61,
160,Kendrick Bourne\BourKe00,SFO,WR,25,3,3,0,0,0,0,0,0,0,,0,16,10,164,16.40,0,0,0,0,,,16,26.4,29.4,21.4,,58,
161,O.J. Howard\HowaO.00,TAM,TE,26,3,1,0,0,0,0,0,0,0,,0,13,8,96,12.00,1,0,0,1,,,16,23.6,23.6,19.6,,21,
162,Peyton Barber\BarbPe01,WAS,RB,26,3,0,0,0,0,0,0,21,36,1.71,2,0,0,0,,0,0,0,2,,,16,15.6,15.6,15.6,,44,
163,Darnell Mooney\MoonDa00,CHI,WR,23,3,1,0,0,0,0,0,0,0,,0,11,8,93,11.63,1,1,0,1,,,15,23.3,23.3,19.3,,65,
164,C.J. Uzomah\UzomC.00,CIN,TE,27,2,2,0,0,0,0,0,0,0,,0,11,8,87,10.88,1,0,0,1,,,15,22.7,22.7,18.7,,23,
165,Chase Edmonds\EdmoCh00,ARI,RB,24,3,1,0,0,0,0,0,12,43,3.58,0,11,8,49,6.13,1,2,0,1,,,15,23.2,23.2,19.2,,45,
166,Preston Williams\WillPr01,MIA,WR,23,3,3,0,0,0,0,0,0,0,,0,14,5,74,14.80,1,0,0,1,1,,15,20.4,20.4,17.9,,64,
167,Latavius Murray\MurrLa00,NOR,RB,30,3,1,0,0,0,0,0,30,120,4.00,0,4,3,26,8.67,0,0,0,0,,,15,17.6,20.6,16.1,,47,
168,Frank Gore\GoreFr00,NYJ,RB,37,3,3,0,0,0,0,0,42,144,3.43,0,3,1,5,5.00,0,0,0,0,,,15,15.9,18.9,15.4,,46,
169,James Washington\WashJa00,PIT,WR,24,3,1,0,0,0,0,0,0,0,,0,15,10,92,9.20,1,0,0,1,,,15,25.2,25.2,20.2,,66,
170,David Moore\MoorDa03,SEA,WR,25,3,2,0,0,0,0,0,1,12,12.00,0,7,7,78,11.14,1,1,0,1,,,15,22.0,22.0,18.5,,67,
171,Greg Olsen\OlseGr00,SEA,TE,35,3,2,0,0,0,0,0,0,0,,0,11,9,85,9.44,1,0,0,1,,,15,23.5,23.5,19.0,,24,
172,Logan Thomas\ThomLo00,WAS,TE,29,3,2,0,0,0,0,0,0,0,,0,24,12,94,7.83,1,0,0,1,,,15,27.4,27.4,21.4,,22,
173,Tyler Kroft\KrofTy00,BUF,TE,28,3,1,0,0,0,0,0,0,0,,0,5,4,24,6.00,2,0,0,2,,,14,18.4,18.4,16.4,,25,
174,Jarvis Landry\LandJa00,CLE,WR,28,3,3,0,0,0,0,0,0,0,,0,13,12,143,11.92,0,0,0,0,,,14,26.3,29.3,20.3,,68,
175,Kerryon Johnson\JohnKe06,DET,RB,23,3,2,0,0,0,0,0,18,62,3.44,1,2,1,14,14.00,0,0,0,1,,,14,14.6,14.6,14.1,,50,
176,Jamaal Williams\WillJa06,GNB,RB,25,3,0,0,0,0,0,0,21,98,4.67,0,5,5,24,4.80,0,0,0,0,1,,14,19.2,19.2,16.7,,49,
177,Brandin Cooks\CookBr00,HOU,WR,27,3,3,0,0,0,0,0,0,0,,0,18,10,138,13.80,0,0,0,0,,,14,23.8,26.8,18.8,,69,
178,Carlos Hyde\HydeCa00,SEA,RB,30,3,0,0,0,0,0,0,16,57,3.56,1,3,3,26,8.67,0,0,0,1,,,14,17.3,17.3,15.8,,48,
179,Curtis Samuel\SamuCu00,CAR,WR,24,3,1,0,0,0,0,0,9,38,4.22,0,14,11,96,8.73,0,0,0,0,,,13,24.4,24.4,18.9,,71,
180,T.Y. Hilton\HiltT.00,IND,WR,31,3,3,0,0,0,0,0,0,0,,0,17,10,133,13.30,0,0,0,0,,,13,23.3,26.3,18.3,,72,
181,Zach Pascal\PascZa00,IND,WR,26,3,3,0,0,0,0,0,0,0,,0,11,7,71,10.14,1,0,0,1,,,13,20.1,20.1,16.6,,74,
182,Chris Thompson\ThomCh03,JAX,RB,30,3,0,0,0,0,0,0,4,10,2.50,0,12,10,61,6.10,1,0,0,1,,,13,23.1,23.1,18.1,,51,
183,Tre'Quan Smith\SmitTr03,NOR,WR,24,3,3,0,0,0,0,0,0,0,,0,14,10,132,13.20,0,0,0,0,,,13,23.2,26.2,18.2,,73,
184,N'Keal Harry\HarrNK00,NWE,WR,23,3,3,0,0,0,0,0,1,2,2.00,0,22,15,145,9.67,0,1,1,0,,,13,27.7,31.7,20.2,,75,
185,Dion Lewis\LewiDi00,NYG,RB,30,3,0,0,0,0,0,0,12,21,1.75,1,9,5,46,9.20,0,0,0,1,,,13,17.7,17.7,15.2,,53,
186,Nelson Agholor\AghoNe00,LVR,WR,27,3,0,0,0,0,0,0,0,0,,0,5,4,74,18.50,1,0,0,1,,,13,17.4,17.4,15.4,,70,
187,Gus Edwards\EdwaGu00,BAL,RB,25,3,0,0,0,0,0,0,18,129,7.17,0,0,0,0,,0,0,0,0,,,13,12.9,15.9,12.9,,52,
188,Zack Moss\MossZa00,BUF,RB,23,2,0,0,0,0,0,0,17,48,2.82,0,4,3,16,5.33,1,0,0,1,,,12,15.4,15.4,13.9,,54,
189,Tarik Cohen\CoheTa00,CHI,RB,25,3,0,0,0,0,0,0,14,74,5.29,0,9,6,41,6.83,0,0,0,0,,,12,17.5,17.5,14.5,,57,
190,A.J. Green\GreeA.00,CIN,WR,32,3,2,0,0,0,0,0,0,0,,0,28,13,116,8.92,0,0,0,0,,,12,24.6,27.6,18.1,,80,
191,Mike Thomas\ThomMi04,CIN,WR,26,3,0,0,0,0,0,0,0,0,,0,9,8,57,7.13,1,0,0,1,,,12,19.7,19.7,15.7,,78,
192,Drew Lock\LockDr00,DEN,QB,24,2,2,23,38,236,1,0,3,5,1.67,0,0,0,0,,0,3,1,0,,,12,11.9,12.9,11.9,,35,
193,Danny Amendola\AmenDa00,DET,WR,35,3,1,0,0,0,0,0,0,0,,0,18,8,120,15.00,0,0,0,0,,,12,20.0,23.0,16.0,,77,
194,Kenny Golladay\GollKe00,DET,WR,27,1,1,0,0,0,0,0,0,0,,0,7,6,57,9.50,1,0,0,1,,,12,17.7,17.7,14.7,,79,
195,Tyler Eifert\EifeTy00,JAX,TE,30,3,1,0,0,0,0,0,0,0,,0,10,6,55,9.17,1,0,0,1,,,12,17.5,17.5,14.5,,27,
196,Alexander Mattison\MattAl01,MIN,RB,22,3,0,0,0,0,0,0,17,90,5.29,0,6,5,33,6.60,0,0,0,0,,,12,17.3,17.3,14.8,,56,
197,Kalif Raymond\RaymKa00,TEN,WR,26,3,1,0,0,0,0,0,1,-3,-3.00,0,5,3,118,39.33,0,0,0,0,,,12,14.5,17.5,13.0,,81,
198,DeSean Jackson\JackDe00,PHI,WR,34,3,3,0,0,0,0,0,0,0,,0,20,10,121,12.10,0,0,0,0,,,12,22.1,25.1,17.1,,76,
199,Foster Moreau\MoreFo00,LVR,TE,23,3,1,0,0,0,0,0,0,0,,0,3,3,56,18.67,1,0,0,1,,,12,14.6,14.6,13.1,,26,
200,Jalen Richard\RichJa01,LVR,RB,27,3,0,0,0,0,0,0,3,40,13.33,1,4,4,23,5.75,0,0,0,1,,,12,16.3,16.3,14.3,,55,
201,Giovani Bernard\BernGi00,CIN,RB,29,3,0,0,0,0,0,0,2,10,5.00,0,15,12,98,8.17,0,0,0,0,,,11,22.8,22.8,16.8,,58,
202,David Njoku\NjokDa00,CLE,TE,24,1,0,0,0,0,0,0,0,0,,0,3,3,50,16.67,1,0,0,1,,,11,14.0,14.0,12.5,,28,
203,Marvin Hall\HallMa02,DET,WR,27,3,1,0,0,0,0,0,0,0,,0,4,2,50,25.00,1,0,0,1,,,11,13.0,13.0,12.0,,84,
204,Benny Snell Jr.\SnelBe00,PIT,RB,22,3,0,0,0,0,0,0,29,129,4.45,0,2,1,-4,-4.00,0,2,1,0,,,11,11.5,15.5,11.0,,59,
205,Zay Jones\JoneZa00,LVR,WR,25,3,0,0,0,0,0,0,0,0,,0,4,4,47,11.75,1,0,0,1,,,11,14.7,14.7,12.7,,85,
206,Jalen Guyton\GuytJa01,LAC,WR,23,3,2,0,0,0,0,0,0,0,,0,6,4,53,13.25,1,0,0,1,,,11,15.3,15.3,13.3,,82,
207,Freddie Swain\SwaiFr00,SEA,WR,22,3,0,0,0,0,0,0,0,0,,0,3,3,51,17.00,1,0,0,1,,,11,14.1,14.1,12.6,,83,
208,Quintez Cephus\CephQu00,DET,WR,22,3,1,0,0,0,0,0,0,0,,0,13,6,97,16.17,0,0,0,0,,,10,15.7,15.7,12.7,,91,
209,Darren Fells\FellDa01,HOU,TE,34,3,3,0,0,0,0,0,0,0,,0,8,4,42,10.50,1,0,0,1,,,10,14.2,14.2,12.2,,29,
210,Isaiah Ford\FordIs00,MIA,WR,24,3,0,0,0,0,0,0,0,0,,0,16,11,103,9.36,0,0,0,0,,,10,21.3,24.3,15.8,,86,
211,Kyle Rudolph\RudoKy00,MIN,TE,31,3,3,0,0,0,0,0,0,0,,0,6,4,39,9.75,1,0,0,1,,,10,13.9,13.9,11.9,,30,
212,Damiere Byrd\ByrdDa00,NWE,WR,27,3,2,0,0,0,0,0,0,0,,0,12,9,99,11.00,0,1,0,0,,,10,18.9,18.9,14.4,,89,
213,Evan Engram\EngrEv00,NYG,TE,26,3,2,0,0,0,0,0,0,0,,0,20,11,96,8.73,0,0,0,0,,,10,20.6,20.6,15.1,,31,
214,Jalen Reagor\ReagJa00,PHI,WR,21,2,2,0,0,0,0,0,0,0,,0,8,5,96,19.20,0,1,0,0,,,10,14.6,14.6,12.1,,92,
215,Boston Scott\ScotBo02,PHI,RB,25,3,1,0,0,0,0,0,16,59,3.69,0,6,5,43,8.60,0,0,0,0,,,10,15.2,15.2,12.7,,61,
216,Bryan Edwards\EdwaBr01,LVR,WR,22,3,3,0,0,0,0,0,0,0,,0,6,5,99,19.80,0,0,0,0,,,10,14.9,14.9,12.4,,88,
217,Devin Duvernay\DuveDe00,BAL,WR,23,3,0,0,0,0,0,0,0,0,,0,5,4,38,9.50,0,0,0,1,,,10,13.8,13.8,11.8,,90,
218,Mike Williams\WillMi07,LAC,WR,26,3,2,0,0,0,0,0,0,0,,0,14,7,100,14.29,0,0,0,0,,,10,17.0,20.0,13.5,,87,
219,J.D. McKissic\McKiJ.00,WAS,RB,27,3,2,0,0,0,0,0,16,66,4.13,0,9,4,38,9.50,0,0,0,0,,,10,14.4,14.4,12.4,,60,
220,Parris Campbell\CampPa00,IND,WR,23,2,2,0,0,0,0,0,2,16,8.00,0,9,6,71,11.83,0,0,0,0,,,9,14.7,14.7,11.7,,95,
221,Jordan Wilkins\WilkJo01,IND,RB,26,3,0,0,0,0,0,0,18,79,4.39,0,1,1,6,6.00,0,0,0,0,,,9,9.5,9.5,9.0,,64,
222,KJ Hamler\HamlKJ00,DEN,WR,21,2,1,0,0,0,0,0,2,7,3.50,0,12,6,78,13.00,0,0,0,0,,,9,14.5,14.5,11.5,,96,
223,Jesse James\JameJe00,DET,TE,26,3,1,0,0,0,0,0,0,0,,0,4,3,28,9.33,1,0,0,1,,,9,11.8,11.8,10.3,,33,
224,Chris Conley\ConlCh00,JAX,WR,28,3,1,0,0,0,0,0,0,0,,0,16,8,88,11.00,0,0,0,0,,,9,16.8,16.8,12.8,,94,
225,Saquon Barkley\BarkSa00,NYG,RB,23,2,2,0,0,0,0,0,19,34,1.79,0,9,6,60,10.00,0,0,0,0,,,9,15.4,15.4,12.4,,62,
226,Devontae Booker\BookDe00,LVR,RB,28,3,0,0,0,0,0,0,10,59,5.90,0,4,4,29,7.25,0,1,0,0,,,9,12.8,12.8,10.8,,63,
227,Josh Reynolds\ReynJo00,LAR,WR,25,3,3,0,0,0,0,0,0,0,,0,8,7,110,15.71,0,1,1,0,,,9,16.0,20.0,12.5,,93,
228,Tyrod Taylor\TaylTy00,LAC,QB,31,1,1,16,30,208,0,0,6,7,1.17,0,0,0,0,,0,0,0,0,,,9,9.0,9.0,9.0,,36,
229,Jacob Hollister\HollJa03,SEA,TE,27,3,0,0,0,0,0,0,0,0,,0,3,2,10,5.00,1,0,0,1,1,,9,11.0,11.0,10.0,,32,
230,Cordarrelle Patterson\PattCo00,CHI,WR,29,3,0,0,0,0,0,0,15,57,3.80,0,3,3,20,6.67,0,0,0,0,,,8,10.7,10.7,9.2,,104,
231,Javon Wims\WimsJa00,CHI,WR,26,3,1,0,0,0,0,0,0,0,,0,5,3,18,6.00,1,0,0,1,,,8,10.8,10.8,9.3,,103,
232,Harrison Bryant\BryaHa00,CLE,TE,22,3,2,0,0,0,0,0,0,0,,0,6,3,22,7.33,1,0,0,1,,,8,11.2,11.2,9.7,,35,
233,Larry Fitzgerald\FitzLa00,ARI,WR,37,3,3,0,0,0,0,0,0,0,,0,15,12,84,7.00,0,0,0,0,,,8,20.4,20.4,14.4,,97,
234,Marcedes Lewis\LewiMa00,GNB,TE,36,3,3,0,0,0,0,0,0,0,,0,3,2,22,11.00,1,0,0,1,,,8,10.2,10.2,9.2,,34,
235,Jakeem Grant\GranJa00,MIA,WR,28,3,0,0,0,0,0,0,1,29,29.00,0,5,5,46,9.20,0,0,0,0,,,8,12.5,12.5,10.0,,105,
236,Olabisi Johnson\JohnOl00,MIN,WR,23,3,2,0,0,0,0,0,0,0,,0,7,4,80,20.00,0,0,0,0,,,8,12.0,12.0,10.0,,102,
237,Sterling Shepard\ShepSt00,NYG,WR,27,2,2,0,0,0,0,0,1,6,6.00,0,10,8,76,9.50,0,0,0,0,,,8,16.2,16.2,12.2,,101,
238,Golden Tate\TateGo00,NYG,WR,32,2,1,0,0,0,0,0,0,0,,0,12,10,83,8.30,0,0,0,0,,,8,18.3,18.3,13.3,,99,
239,Josh Adams\AdamJo03,NYJ,RB,24,2,0,0,0,0,0,0,3,8,2.67,1,2,2,14,7.00,0,0,0,1,,,8,10.2,10.2,9.2,,65,
240,Chris Hogan\HogaCh00,NYJ,WR,33,3,2,0,0,0,0,0,0,0,,0,15,7,75,10.71,0,0,0,0,,,8,14.5,14.5,11.0,,106,
241,MyCole Pruitt\PruiMy00,TEN,TE,28,3,1,0,0,0,0,0,0,0,,0,3,3,17,5.67,1,0,0,1,,,8,10.7,10.7,9.2,,37,
242,Alec Ingold\IngoAl01,LVR,RB,24,3,0,0,0,0,0,0,0,0,,0,3,3,16,5.33,1,0,0,1,,,8,10.6,10.6,9.1,,66,
243,Van Jefferson\JeffVa00,LAR,WR,24,3,0,0,0,0,0,0,1,-1,-1.00,0,9,5,76,15.20,0,1,0,0,,,8,12.5,12.5,10.0,,107,
244,Miles Boykin\BoykMi00,BAL,WR,24,3,2,0,0,0,0,0,0,0,,0,11,8,83,10.38,0,0,0,0,,,8,16.3,16.3,12.3,,100,
245,Nick Boyle\BoylNi00,BAL,TE,27,3,3,0,0,0,0,0,0,0,,0,5,4,19,4.75,1,0,0,1,,,8,11.9,11.9,9.9,,36,
246,Steven Sims\SimsSt00,WAS,WR,23,3,2,0,0,0,0,0,0,0,,0,8,6,103,17.17,0,2,1,0,,,8,14.3,18.3,11.3,,98,
247,Isaiah McKenzie\McKeIs00,BUF,WR,25,3,1,0,0,0,0,0,1,4,4.00,0,7,6,70,11.67,0,0,0,0,,,7,13.4,13.4,10.4,,108,
248,Michael Pittman Jr.\PittMi01,IND,WR,23,3,1,0,0,0,0,0,0,0,,0,12,9,73,8.11,0,0,0,0,,,7,16.3,16.3,11.8,,109,
249,Royce Freeman\FreeRo00,DEN,RB,24,3,0,0,0,0,0,0,6,24,4.00,0,3,3,43,14.33,0,0,0,0,,,7,9.7,9.7,8.2,,71,
250,Courtland Sutton\SuttCo00,DEN,WR,25,1,1,0,0,0,0,0,0,0,,0,6,3,66,22.00,0,0,0,0,,,7,9.6,9.6,8.1,,111,
251,James O'Shaughnessy\O'ShJa00,JAX,TE,28,3,3,0,0,0,0,0,0,0,,0,9,8,69,8.63,0,0,0,0,,,7,14.9,14.9,10.9,,38,
252,Anthony Sherman\SherAn00,KAN,RB,32,3,0,0,0,0,0,0,2,2,1.00,0,1,1,5,5.00,1,0,0,1,,,7,7.7,7.7,7.2,,70,
253,Matt Breida\BreiMa00,MIA,RB,25,3,0,0,0,0,0,0,15,63,4.20,0,2,1,2,2.00,0,1,0,0,,,7,7.5,7.5,7.0,,72,
254,Deonte Harris\HarrDe07,NOR,WR,23,3,1,0,0,0,0,0,2,20,10.00,0,9,6,45,7.50,0,1,0,0,,,7,12.5,12.5,9.5,,112,
255,Jakob Johnson\JohnJa12,NWE,RB,26,3,2,0,0,0,0,0,0,0,,0,2,2,7,3.50,1,0,0,1,,,7,8.7,8.7,7.7,,69,
256,J.J. Taylor\TaylJJ01,NWE,RB,22,3,0,0,0,0,0,0,16,70,4.38,0,2,1,4,4.00,0,0,0,0,,,7,8.4,8.4,7.9,,67,
257,Kalen Ballage\BallKa00,NYJ,RB,25,2,0,0,0,0,0,0,3,13,4.33,0,7,7,56,8.00,0,0,0,0,,,7,13.9,13.9,10.4,,68,
258,Henry Ruggs III\RuggHe00,LVR,WR,21,2,2,0,0,0,0,0,2,11,5.50,0,8,4,59,14.75,0,0,0,0,,,7,11.0,11.0,9.0,,110,
259,Reggie Gilliam\GillRe00,BUF,TE,23,3,0,0,0,0,0,0,0,0,,0,1,1,1,1.00,1,0,0,1,,,6,7.1,7.1,6.6,,40,
260,Lee Smith\SmitLe00,BUF,WR,33,1,0,0,0,0,0,0,0,0,,0,1,1,1,1.00,1,0,0,1,,,6,7.1,7.1,6.6,,113,
261,Austin Hooper\HoopAu00,CLE,TE,26,3,3,0,0,0,0,0,0,0,,0,10,7,62,8.86,0,0,0,0,,,6,13.2,13.2,9.7,,39,
262,Marlon Mack\MackMa00,IND,RB,24,1,1,0,0,0,0,0,4,26,6.50,0,3,3,30,10.00,0,0,0,0,,,6,8.6,8.6,7.1,,77,
263,Dan Arnold\ArnoDa00,ARI,TE,25,3,3,0,0,0,0,0,0,0,,0,8,5,58,11.60,0,1,0,0,,,6,10.8,10.8,8.3,,42,
264,Christian Kirk\KirkCh01,ARI,WR,24,2,2,0,0,0,0,0,1,3,3.00,0,9,3,57,19.00,0,0,0,0,,,6,9.0,9.0,7.5,,114,
265,Tyler Ervin\ErviTy00,GNB,RB,27,3,0,0,0,0,0,0,4,43,10.75,0,4,4,18,4.50,0,0,0,0,,,6,10.1,10.1,8.1,,75,
266,C.J. Board\BoarC.00,NYG,WR,27,3,1,0,0,0,0,0,0,0,,0,7,6,58,9.67,0,0,0,0,,,6,11.8,11.8,8.8,,115,
267,Cam Akers\AkerCa00,LAR,RB,21,2,2,0,0,0,0,0,17,52,3.06,0,1,1,4,4.00,0,0,0,0,,,6,6.6,6.6,6.1,,76,
268,Tevin Coleman\ColeTe01,SFO,RB,27,2,0,0,0,0,0,0,18,30,1.67,0,4,3,34,11.33,0,0,0,0,,,6,9.4,9.4,7.9,,73,
269,Kyle Juszczyk\JuszKy00,SFO,RB,29,3,3,0,0,0,0,0,1,7,7.00,0,5,4,54,13.50,0,0,0,0,,,6,10.1,10.1,8.1,,74,
270,Rob Gronkowski\GronRo00,TAM,TE,31,3,3,0,0,0,0,0,0,0,,0,11,8,59,7.38,0,0,0,0,,,6,13.9,13.9,9.9,,41,
271,Olamide Zaccheaus\ZaccOl01,ATL,WR,23,3,0,0,0,0,0,0,0,0,,0,7,5,51,10.20,0,0,0,0,,,5,10.1,10.1,7.6,,117,
272,Drew Sample\SampDr00,CIN,TE,24,3,0,0,0,0,0,0,0,0,,0,11,9,53,5.89,0,0,0,0,,,5,14.3,14.3,9.8,,44,
273,KhaDarel Hodge\HodgKh00,CLE,WR,25,3,0,0,0,0,0,0,0,0,,0,6,3,51,17.00,0,0,0,0,,,5,8.1,8.1,6.6,,119,
274,Jack Doyle\DoylJa00,IND,TE,30,2,2,0,0,0,0,0,0,0,,0,4,3,49,16.33,0,0,0,0,,,5,7.9,7.9,6.4,,47,
275,Kenny Stills\StilKe00,HOU,WR,28,3,0,0,0,0,0,0,0,0,,0,9,5,51,10.20,0,0,0,0,,,5,10.1,10.1,7.6,,118,
276,Demarcus Robinson\RobiDe01,KAN,WR,26,3,1,0,0,0,0,0,0,0,,0,11,6,48,8.00,0,0,0,0,,,5,10.8,10.8,7.8,,120,
277,Darrel Williams\WillDa10,KAN,RB,25,3,0,0,0,0,0,0,9,29,3.22,0,5,5,20,4.00,0,0,0,0,,,5,9.9,9.9,7.4,,79,
278,James White\WhitJa02,NWE,RB,28,1,0,0,0,0,0,0,5,22,4.40,0,3,3,30,10.00,0,0,0,0,,,5,8.2,8.2,6.7,,78,
279,Le'Veon Bell\BellLe00,NYJ,RB,28,1,1,0,0,0,0,0,6,14,2.33,0,2,2,32,16.00,0,0,0,0,,,5,6.6,6.6,5.6,,83,
280,Anthony Firkser\FirkAn00,TEN,TE,25,3,0,0,0,0,0,0,0,0,,0,6,6,50,8.33,0,0,0,0,,,5,11.0,11.0,8.0,,46,
281,Anthony McFarland Jr.\McFaAn00,PIT,RB,21,1,0,0,0,0,0,0,6,42,7.00,0,2,1,7,7.00,0,0,0,0,,,5,5.9,5.9,5.4,,81,
282,Patrick Ricard\RicaPa00,BAL,RB,26,3,2,0,0,0,0,0,1,-1,-1.00,0,2,2,10,5.00,1,1,1,1,,,5,6.9,7.9,5.9,,80,
283,Ross Dwelley\DwelRo00,SFO,TE,25,3,2,0,0,0,0,0,0,0,,0,5,5,54,10.80,0,0,0,0,,,5,10.4,10.4,7.9,,43,
284,George Kittle\KittGe00,SFO,TE,27,1,1,0,0,0,0,0,1,9,9.00,0,5,4,44,11.00,0,0,0,0,,,5,9.3,9.3,7.3,,45,
285,LeSean McCoy\McCoLe01,TAM,RB,32,3,0,0,0,0,0,0,1,-5,-5.00,0,12,8,52,6.50,0,0,0,0,,,5,12.7,12.7,8.7,,82,
286,Justin Watson\WatsJu01,TAM,WR,25,2,1,0,0,0,0,0,0,0,,0,5,3,54,18.00,0,0,0,0,,,5,8.4,8.4,6.9,,116,
287,Dawson Knox\KnoxDa00,BUF,TE,24,2,1,0,0,0,0,0,0,0,,0,6,3,62,20.67,0,1,1,0,,,4,7.2,8.2,5.7,,50,
288,Noah Brown\BrowNo00,DAL,WR,24,3,0,0,0,0,0,0,0,0,,0,4,3,37,12.33,0,0,0,0,,,4,6.7,6.7,5.2,,124,
289,Tony Pollard\PollTo00,DAL,RB,23,3,1,0,0,0,0,0,4,16,4.00,0,5,4,20,5.00,0,0,0,0,,,4,7.6,7.6,5.6,,86,
290,Phillip Lindsay\LindPh00,DEN,RB,26,1,1,0,0,0,0,0,7,24,3.43,0,1,1,11,11.00,0,0,0,0,,,4,4.5,4.5,4.0,,87,
291,Jace Sternberger\SterJa00,GNB,TE,24,3,0,0,0,0,0,0,0,0,,0,5,3,36,12.00,0,0,0,0,,,4,6.6,6.6,5.1,,53,
292,Taysom Hill\HillTa00,NOR,QB,30,3,2,1,1,38,0,0,7,27,3.86,0,2,2,15,7.50,0,1,1,0,,,4,5.7,6.7,4.7,,37,
293,Ryan Izzo\IzzoRy00,NWE,TE,25,3,3,0,0,0,0,0,0,0,,0,5,3,44,14.67,0,0,0,0,,,4,7.4,7.4,5.9,,48,
294,Lawrence Cager\CageLa01,NYJ,WR,23,1,1,0,0,0,0,0,0,0,,0,4,2,35,17.50,0,0,0,0,,,4,5.5,5.5,4.5,,125,
295,Chris Herndon\HernCh00,NYJ,TE,24,3,3,0,0,0,0,0,0,0,,0,16,10,63,6.30,0,1,1,0,,,4,14.3,15.3,9.3,,49,
296,La'Mical Perine\PeriLa00,NYJ,RB,22,2,0,0,0,0,0,0,10,41,4.10,0,2,2,-1,-0.50,0,0,0,0,,,4,6.0,6.0,5.0,,85,
297,Cameron Batson\BatsCa00,TEN,WR,25,2,1,0,0,0,0,0,1,11,11.00,0,2,2,26,13.00,0,0,0,0,,,4,5.7,5.7,4.7,,122,
298,A.J. Brown\BrowAJ00,TEN,WR,23,1,1,0,0,0,0,0,0,0,,0,8,5,39,7.80,0,0,0,0,,,4,8.9,8.9,6.4,,121,
299,Vance McDonald\McDoVa00,PIT,TE,30,3,3,0,0,0,0,0,0,0,,0,7,5,41,8.20,0,0,0,0,,,4,9.1,9.1,6.6,,52,
300,Gerald Everett\EverGe00,LAR,TE,26,3,1,0,0,0,0,0,0,0,,0,4,3,41,13.67,0,0,0,0,,,4,7.1,7.1,5.6,,51,
301,Travis Homer\HomeTr00,SEA,RB,22,3,0,0,0,0,0,0,8,39,4.88,0,3,2,4,2.00,0,0,0,0,,,4,6.3,6.3,5.3,,84,
302,Trent Taylor\TaylTr02,SFO,WR,26,3,0,0,0,0,0,0,0,0,,0,9,5,37,7.40,0,0,0,0,,,4,8.7,8.7,6.2,,123,
303,Brandon Powell\PoweBr00,ATL,WR,24,3,0,0,0,0,0,0,0,0,,0,4,3,27,9.00,0,0,0,0,,,3,5.7,5.7,4.2,,132,
304,Ito Smith\SmitIt00,ATL,RB,25,3,0,0,0,0,0,0,6,24,4.00,0,5,3,2,0.67,0,0,0,0,,,3,5.6,5.6,4.1,,91,
305,Ian Thomas\ThomIa00,CAR,TE,24,3,2,0,0,0,0,0,0,0,,0,4,3,25,8.33,0,0,0,0,,,3,5.5,5.5,4.0,,57,
306,Ted Ginn Jr.\GinnTe00,CHI,WR,35,2,0,0,0,0,0,0,0,0,,0,4,1,29,29.00,0,0,0,0,,,3,3.9,3.9,3.4,,129,
307,Auden Tate\TateAu00,CIN,WR,23,2,1,0,0,0,0,0,0,0,,0,4,2,29,14.50,0,0,0,0,,,3,4.9,4.9,3.9,,130,
308,Blake Bell\BellBl00,DAL,TE,29,3,0,0,0,0,0,0,0,0,,0,4,2,34,17.00,0,0,0,0,,,3,5.4,5.4,4.4,,55,
309,AJ Dillon\DillAJ00,GNB,RB,22,3,0,0,0,0,0,0,7,31,4.43,0,0,0,0,,0,0,0,0,,,3,3.1,3.1,3.1,,88,
310,Adam Trautman\TrauAd00,NOR,TE,23,3,0,0,0,0,0,0,0,0,,0,3,3,34,11.33,0,0,0,0,,,3,6.4,6.4,4.9,,54,
311,Wayne Gallman\GallWa00,NYG,RB,26,2,1,0,0,0,0,0,4,7,1.75,0,4,3,21,7.00,0,0,0,0,,,3,5.8,5.8,4.3,,90,
312,Damion Ratley\RatlDa00,NYG,WR,25,3,0,0,0,0,0,0,0,0,,0,5,1,29,29.00,0,1,0,0,,,3,3.9,3.9,3.4,,127,
313,Kaden Smith\SmitKa00,NYG,TE,23,3,3,0,0,0,0,0,0,0,,0,7,5,29,5.80,0,1,0,0,,,3,7.9,7.9,5.4,,56,
314,Josh Malone\MaloJo00,NYJ,WR,24,3,0,0,0,0,0,0,1,12,12.00,0,6,4,16,4.00,0,0,0,0,,,3,6.8,6.8,4.8,,131,
315,Breshad Perriman\PerrBr02,NYJ,WR,27,2,2,0,0,0,0,0,0,0,,0,7,5,29,5.80,0,0,0,0,,,3,7.9,7.9,5.4,,128,
316,Corey Clement\ClemCo00,PHI,RB,26,3,0,0,0,0,0,0,9,27,3.00,0,2,2,2,1.00,0,0,0,0,,,3,4.9,4.9,3.9,,89,
317,Antonio Gandy-Golden\GandAn00,WAS,WR,22,2,0,0,0,0,0,0,1,22,22.00,0,3,1,3,3.00,0,0,0,0,,,3,3.5,3.5,3.0,,133,
318,Isaiah Wright\WrigIs01,WAS,WR,23,2,1,0,0,0,0,0,1,6,6.00,0,6,4,24,6.00,0,0,0,0,,,3,7.0,7.0,5.0,,126,
319,T.J. Yeldon\YeldT.00,BUF,RB,27,1,0,0,0,0,0,0,3,18,6.00,0,0,0,0,,0,0,0,0,,,2,1.8,1.8,1.8,,93,
320,Alex Armah\ArmaAl00,CAR,RB,26,3,1,0,0,0,0,0,2,1,0.50,0,1,1,14,14.00,0,0,0,0,,,2,2.5,2.5,2.0,,96,
321,Reggie Bonnafon\BonnRe00,CAR,RB,24,1,0,0,0,0,0,0,2,16,8.00,0,0,0,0,,0,0,0,0,,,2,1.6,1.6,1.6,,95,
322,Seth Roberts\RobeSe00,CAR,WR,29,3,0,0,0,0,0,0,0,0,,0,5,3,21,7.00,0,0,0,0,,,2,5.1,5.1,3.6,,138,
323,Demetrius Harris\HarrDe03,CHI,TE,29,3,2,0,0,0,0,0,0,0,,0,5,3,15,5.00,0,0,0,0,,,2,4.5,4.5,3.0,,61,
324,John Ross\RossJo00,CIN,WR,26,2,1,0,0,0,0,0,0,0,,0,7,2,17,8.50,0,0,0,0,,,2,3.7,3.7,2.7,,140,
325,Daurice Fountain\FounDa00,IND,WR,25,2,0,0,0,0,0,0,0,0,,0,2,2,23,11.50,0,0,0,0,,,2,4.3,4.3,3.3,,135,
326,Darrell Daniels\DaniDa02,ARI,TE,26,3,2,0,0,0,0,0,0,0,,0,3,2,24,12.00,0,0,0,0,,,2,4.4,4.4,3.4,,58,
327,KeeSean Johnson\JohnKe07,ARI,WR,24,1,0,0,0,0,0,0,0,0,,0,7,2,24,12.00,0,0,0,0,,,2,4.4,4.4,3.4,,134,
328,DaeSean Hamilton\HamiDa01,DEN,WR,25,3,1,0,0,0,0,0,0,0,,0,6,2,23,11.50,0,0,0,0,,,2,4.3,4.3,3.3,,136,
329,Jamal Agnew\AgneJa00,DET,WR,25,3,0,0,0,0,0,0,1,2,2.00,0,4,3,20,6.67,0,0,0,0,,,2,5.2,5.2,3.7,,137,
330,Collin Johnson\JohnCo01,JAX,WR,23,3,0,0,0,0,0,0,0,0,,0,6,2,17,8.50,0,0,0,0,,,2,3.7,3.7,2.7,,142,
331,C.J. Ham\HamxC.00,MIN,RB,27,3,2,0,0,0,0,0,1,4,4.00,0,2,1,11,11.00,0,0,0,0,,,2,2.5,2.5,2.0,,97,
332,Josh Hill\HillJo02,NOR,TE,30,3,2,0,0,0,0,0,0,0,,0,3,1,16,16.00,0,0,0,0,,,2,2.6,2.6,2.1,,60,
333,Ty Montgomery\MontTy01,NOR,RB,27,2,0,0,0,0,0,0,1,-4,-4.00,0,3,2,25,12.50,0,0,0,0,,,2,4.1,4.1,3.1,,92,
334,Michael Thomas\ThomMi05,NOR,WR,27,1,1,0,0,0,0,0,0,0,,0,5,3,17,5.67,0,0,0,0,,,2,4.7,4.7,3.2,,143,
335,Deontay Burnett\BurnDe00,PHI,WR,23,1,0,0,0,0,0,0,0,0,,0,4,3,19,6.33,0,0,0,0,,,2,4.9,4.9,3.4,,139,
336,John Hightower\HighJo00,PHI,WR,24,3,1,0,0,0,0,0,0,0,,0,7,3,17,5.67,0,0,0,0,,,2,4.7,4.7,3.2,,141,
337,Richard Rodgers\RodgRi00,PHI,TE,28,3,0,0,0,0,0,0,0,0,,0,2,2,15,7.50,0,0,0,0,,,2,3.5,3.5,2.5,,62,
338,K.J. Hill\HillKJ00,LAC,WR,23,3,0,0,0,0,0,0,0,0,,0,4,1,15,15.00,0,0,0,0,,,2,2.5,2.5,2.0,,144,
339,Will Dissly\DissWi00,SEA,TE,24,3,2,0,0,0,0,0,0,0,,0,5,5,22,4.40,0,0,0,0,,,2,7.2,7.2,4.7,,59,
340,Jamycal Hasty\HastJa02,SFO,RB,24,1,0,0,0,0,0,0,2,9,4.50,0,1,1,9,9.00,0,0,0,0,,,2,2.8,2.8,2.3,,94,
341,Keith Smith\SmitKe03,ATL,RB,28,3,2,0,0,0,0,0,1,2,2.00,0,3,2,4,2.00,0,0,0,0,,,1,2.6,2.6,1.6,,108,
342,Luke Stocker\StocLu00,ATL,TE,32,3,1,0,0,0,0,0,0,0,,0,2,1,6,6.00,0,0,0,0,,,1,1.6,1.6,1.1,,71,
343,Chris Manhertz\ManhCh00,CAR,TE,28,3,2,0,0,0,0,0,0,0,,0,2,2,12,6.00,0,0,0,0,,,1,3.2,3.2,2.2,,66,
344,Cole Kmet\KmetCo00,CHI,TE,21,3,1,0,0,0,0,0,0,0,,0,2,1,12,12.00,0,0,0,0,,,1,2.2,2.2,1.7,,65,
345,Rashard Higgins\HiggRa00,CLE,WR,26,2,0,0,0,0,0,0,0,0,,0,1,1,9,9.00,0,0,0,0,,,1,1.9,1.9,1.4,,146,
346,Andy Janovich\JanoAn00,CLE,RB,27,3,1,0,0,0,0,0,0,0,,0,2,2,13,6.50,0,0,0,0,,,1,3.3,3.3,2.3,,99,
347,D'Ernest Johnson\JohnDE04,CLE,RB,24,3,0,0,0,0,0,0,1,5,5.00,0,0,0,0,,0,0,0,0,,,1,0.5,0.5,0.5,,109,
348,Jacoby Brissett\BrisJa00,IND,QB,28,2,0,2,4,17,0,0,2,0,0.00,0,0,0,0,,0,0,0,0,,,1,0.7,0.7,0.7,,39,
349,Ashton Dulin\DuliAs00,IND,WR,23,3,0,0,0,0,0,0,0,0,,0,2,1,6,6.00,0,0,0,0,,,1,1.6,1.6,1.1,,154,
350,Blake Jarwin\JarwBl00,DAL,TE,26,1,1,0,0,0,0,0,0,0,,0,1,1,12,12.00,0,0,0,0,,,1,2.2,2.2,1.7,,68,
351,Jake Butt\ButtJa00,DEN,TE,25,3,0,0,0,0,0,0,0,0,,0,3,2,5,2.50,0,0,0,0,,,1,2.5,2.5,1.5,,72,
352,Tyrie Cleveland\ClevTy00,DEN,WR,23,2,0,0,0,0,0,0,0,0,,0,1,1,7,7.00,0,0,0,0,,,1,1.7,1.7,1.2,,152,
353,Diontae Spencer\SpenDi00,DEN,WR,28,3,0,0,0,0,0,0,0,0,,0,1,1,7,7.00,0,0,0,0,,,1,1.7,1.7,1.2,,153,
354,Josiah Deguara\DeguJo00,GNB,TE,23,1,1,0,0,0,0,0,0,0,,0,2,1,12,12.00,0,0,0,0,,,1,2.2,2.2,1.7,,67,
355,DeAndre Carter\CartDe02,HOU,WR,27,3,0,0,0,0,0,0,0,0,,0,2,1,8,8.00,0,0,0,0,,,1,1.8,1.8,1.3,,148,
356,Cullen Gillaspia\GillCu00,HOU,RB,25,2,0,0,0,0,0,0,0,0,,0,1,1,6,6.00,0,0,0,0,,,1,1.6,1.6,1.1,,107,
357,Duke Johnson\JohnDu00,HOU,RB,27,1,0,0,0,0,0,0,5,14,2.80,0,1,0,0,,0,0,0,0,,,1,1.4,1.4,1.4,,98,
358,Darwin Thompson\ThomDa06,KAN,RB,24,3,0,0,0,0,0,0,6,32,5.33,0,3,0,0,,0,1,1,0,,,1,1.2,2.2,1.2,,101,
359,Patrick Laird\LairPa00,MIA,RB,25,3,0,0,0,0,0,0,0,0,,0,2,2,9,4.50,0,0,0,0,,,1,2.9,2.9,1.9,,103,
360,Durham Smythe\SmytDu00,MIA,TE,25,3,2,0,0,0,0,0,0,0,,0,1,1,7,7.00,0,0,0,0,,,1,1.7,1.7,1.2,,70,
361,Chad Beebe\BeebCh00,MIN,WR,26,1,0,0,0,0,0,0,0,0,,0,1,1,7,7.00,0,0,0,0,,,1,1.7,1.7,1.2,,150,
362,Irv Smith Jr.\SmitIr01,MIN,TE,22,3,1,0,0,0,0,0,0,0,,0,5,2,14,7.00,0,0,0,0,,,1,3.4,3.4,2.4,,63,
363,Jakobi Meyers\MeyeJa01,NWE,WR,24,3,0,0,0,0,0,0,0,0,,0,1,1,7,7.00,0,0,0,0,,,1,1.7,1.7,1.2,,151,
364,Isaiah Zuber\ZubeIs00,NWE,WR,23,1,0,0,0,0,0,0,1,13,13.00,0,0,0,0,,0,0,0,0,,,1,1.3,1.3,1.3,,145,
365,Devonta Freeman\FreeDe00,NYG,RB,28,1,0,0,0,0,0,0,5,10,2.00,0,0,0,0,,0,0,0,0,,,1,1.0,1.0,1.0,,102,
366,Levine Toilolo\ToilLe00,NYG,TE,29,3,1,0,0,0,0,0,0,0,,0,1,1,13,13.00,0,0,0,0,,,1,2.3,2.3,1.8,,64,
367,Khari Blasingame\BlasKh00,TEN,RB,24,3,1,0,0,0,0,0,0,0,,0,1,1,5,5.00,0,0,0,0,,,1,1.5,1.5,1.0,,110,
368,Darrynton Evans\EvanDa02,TEN,RB,22,1,0,0,0,0,0,0,3,9,3.00,0,0,0,0,,0,0,0,0,,,1,0.9,0.9,0.9,,105,
369,Jeremy McNichols\McNiJe00,TEN,RB,25,3,0,0,0,0,0,0,2,7,3.50,0,2,1,5,5.00,0,0,0,0,,,1,2.2,2.2,1.7,,100,
370,Senorise Perry\PerrSe00,TEN,RB,29,2,0,0,0,0,0,0,2,9,4.50,0,0,0,0,,0,0,0,0,,,1,0.9,0.9,0.9,,104,
371,Jalen Hurts\HurtJa00,PHI,QB,22,2,0,0,0,0,0,0,2,8,4.00,0,0,0,0,,0,1,0,0,,,1,0.8,0.8,0.8,,38,
372,Jaylen Samuels\SamuJa00,PIT,RB,24,3,0,0,0,0,0,0,2,3,1.50,0,3,2,5,2.50,0,0,0,0,,,1,2.8,2.8,1.8,,106,
373,Jason Witten\WittJa00,LVR,TE,38,3,3,0,0,0,0,0,0,0,,0,2,2,5,2.50,0,0,0,0,,,1,2.5,2.5,1.5,,73,
374,Virgil Green\GreeVi00,LAC,TE,32,3,1,0,0,0,0,0,0,0,,0,3,1,10,10.00,0,0,0,0,,,1,2.0,2.0,1.5,,69,
375,Joe Reed\ReedJo03,LAC,WR,22,3,0,0,0,0,0,0,1,8,8.00,0,0,0,0,,0,0,0,0,,,1,0.8,0.8,0.8,,149,
376,Mohamed Sanu\SanuMo00,SFO,WR,31,2,0,0,0,0,0,0,0,0,,0,1,1,9,9.00,0,0,0,0,,,1,1.9,1.9,1.4,,147,
377,Nick Vannett\VannNi00,DEN,TE,27,2,0,0,0,0,0,0,0,0,,0,4,1,-6,-6.00,0,0,0,0,,,-1,0.4,0.4,-0.1,,101,
378,Keke Coutee\CoutKe00,HOU,WR,23,1,0,0,0,0,0,0,0,0,,0,2,2,11,5.50,0,1,1,0,,,-1,1.1,2.1,0.1,,186,
379,Michael Burton\BurtMi00,NOR,,28,3,1,0,0,0,0,0,0,0,,0,0,0,0,,0,0,0,0,,,,,,,,1,75
380,Christian Blake\BlakCh00,ATL,,24,3,0,0,0,0,0,0,0,0,,0,0,0,0,,0,0,0,0,,,,,,,,178,
381,Jaeden Graham\GrahJa01,ATL,,25,3,0,0,0,0,0,0,0,0,,0,0,0,0,,0,0,0,0,,,,,,,,85,
382,Qadree Ollison\OlliQa00,ATL,,24,1,0,0,0,0,0,0,0,0,,0,0,0,0,,0,0,0,0,,,,,,,,116,
383,Trenton Cannon\CannTr00,CAR,,26,2,0,0,0,0,0,0,0,0,,0,0,0,0,,0,0,0,0,,,,,,,,124,
384,Pharoh Cooper\CoopPh00,CAR,,25,3,0,0,0,0,0,0,0,0,,0,0,0,0,,0,1,0,0,,,,,,,,173,
385,Colin Thompson\ThomCo03,CAR,,27,2,0,0,0,0,0,0,0,0,,0,0,0,0,,0,0,0,0,,,,,,,,95,
386,Brandon Zylstra\ZylsBr00,CAR,,27,3,0,0,0,0,0,0,0,0,,0,0,0,0,,0,0,0,0,,,,,,,,181,
387,J.P. Holtz\HoltJ.01,CHI,,27,3,1,0,0,0,0,0,0,0,,0,0,0,0,,0,0,0,0,,,,,,,,98,
388,Ryan Nall\NallRy00,CHI,RB,25,3,0,0,0,0,0,0,0,0,,0,1,1,2,2.00,0,0,0,0,,,,1.2,1.2,0.7,,113,
389,Cethan Carter\CartCe00,CIN,TE,25,3,1,0,0,0,0,0,0,0,,0,1,1,1,1.00,0,0,0,0,,,,1.1,1.1,0.6,,76,
390,Alex Erickson\EricAl01,CIN,,28,3,0,0,0,0,0,0,0,0,,0,0,0,0,,0,0,0,0,,,,,,,,179,
391,Ryan Finley\FinlRy00,CIN,,26,1,0,0,0,0,0,0,0,0,,0,0,0,0,,0,0,0,0,,,,,,,,43,
392,Clark Harris\HarrCl20,CIN,,36,3,0,0,0,0,0,0,0,0,,0,0,0,0,,0,0,0,0,,,,,,,,89,
393,Samaje Perine\PeriSa00,CIN,,25,3,0,0,0,0,0,0,0,0,,0,0,0,0,,0,0,0,0,,,,,,,,117,
394,Mason Schreck\SchrMa00,CIN,,27,1,0,0,0,0,0,0,0,0,,0,0,0,0,,0,0,0,0,,,,,,,,87,
395,Stephen Carlson\CarlSt00,CLE,,24,3,0,0,0,0,0,0,0,0,,0,1,0,0,,0,0,0,0,,,,,,,,77,
396,Jojo Natson\NatsJo00,CLE,WR,26,3,0,0,0,0,0,0,1,3,3.00,0,0,0,0,,0,0,0,0,,,,0.3,0.3,0.3,,156,
397,D.J. Foster\FostD.01,ARI,,27,2,0,0,0,0,0,0,0,0,,0,0,0,0,,0,0,0,0,,,,,,,,118,
398,Trent Sherfield\SherTr00,ARI,,24,3,0,0,0,0,0,0,0,0,,0,0,0,0,,0,0,0,0,,,,,,,,167,
399,Chris Streveler\StreCh00,ARI,QB,25,3,0,0,0,0,0,0,1,3,3.00,0,0,0,0,,0,0,0,0,,,,0.3,0.3,0.3,,40,
400,Jordan Thomas\ThomJo05,ARI,,24,2,0,0,0,0,0,0,0,0,,0,0,0,0,,0,0,0,0,,,,,,,,93,
401,Maxx Williams\WillMa04,ARI,,26,1,0,0,0,0,0,0,0,0,,0,2,0,0,,0,0,0,0,,,,,,,,90,
402,Deante Burton\BurtDe00,DAL,,26,1,0,0,0,0,0,0,0,0,,0,0,0,0,,0,0,0,0,,,,,,,,184,
403,Andy Dalton\DaltAn00,DAL,QB,33,1,0,0,1,0,0,0,0,0,,0,0,0,0,,0,0,0,0,,,,,,,,44,
404,C.J. Goodwin\GoodC.00,DAL,,30,3,0,0,0,0,0,0,0,0,,0,1,0,0,,0,0,0,0,,,,,,,,158,
405,Malik Turner\TurnMa00,DAL,,24,3,0,0,0,0,0,0,0,0,,0,0,0,0,,0,0,0,0,,,,,,,,160,
406,Andrew Beck\BeckAn01,DEN,,24,3,0,0,0,0,0,0,0,0,,0,0,0,0,,0,0,0,0,,,,,,,,100,
407,Ty Johnson\JohnTy02,DET,,23,2,0,0,0,0,0,0,0,0,,0,1,0,0,,0,0,0,0,,,,,,,,168,
408,Tim Boyle\BoylTi00,GNB,QB,26,2,0,0,0,0,0,0,4,-3,-0.75,0,0,0,0,,0,0,0,0,,,,-0.3,-0.3,-0.3,,45,
409,Darrius Shepherd\ShepDa00,GNB,,25,1,0,0,0,0,0,0,0,0,,0,1,0,0,,0,0,0,0,,,,,,,,180,
410,Pharaoh Brown\BrowPh01,HOU,,26,1,0,0,0,0,0,0,0,0,,0,0,0,0,,0,0,0,0,,,,,,,,79,
411,Buddy Howell\HoweGr00,HOU,,24,3,0,0,0,0,0,0,0,0,,0,0,0,0,,0,0,0,0,,,,,,,,120,
412,C.J. Prosise\ProsC.00,HOU,RB,26,2,0,0,0,0,0,0,1,1,1.00,0,0,0,0,,0,0,0,0,,,,0.1,0.1,0.1,,114,
413,Kahale Warring\WarrKa00,HOU,,23,1,0,0,0,0,0,0,0,0,,0,0,0,0,,0,0,0,0,,,,,,,,80,
414,Bruce Miller\MillBr02,JAX,RB,33,3,1,0,0,0,0,0,0,0,,0,2,1,2,2.00,0,0,0,0,,,,1.2,1.2,0.7,,112,
415,Dare Ogunbowale\OgunDa00,JAX,,26,2,0,0,0,0,0,0,0,0,,0,0,0,0,,0,0,0,0,,,,,,,,125,
416,Dede Westbrook\WestDe00,JAX,WR,27,1,0,0,0,0,0,0,0,0,,0,1,1,4,4.00,0,0,0,0,,,,1.4,1.4,0.9,,155,
417,Marcus Kemp\KempMa00,KAN,,25,3,0,0,0,0,0,0,0,0,,0,0,0,0,,0,0,0,0,,,,,,,,159,
418,Byron Pringle\PrinBy00,KAN,,27,3,0,0,0,0,0,0,0,0,,0,0,0,0,,0,0,0,0,,,,,,,,161,
419,Deon Yelder\YeldDe00,KAN,,25,1,0,0,0,0,0,0,0,0,,0,0,0,0,,0,0,0,0,,,,,,,,82,
420,Lynn Bowden Jr.\BowdLy00,MIA,RB,23,1,0,0,0,0,0,0,0,0,,0,1,1,-1,-1.00,0,0,0,0,,,,0.9,0.9,0.4,,128,
421,Chandler Cox\CoxxCh01,MIA,,24,3,1,0,0,0,0,0,0,0,,0,0,0,0,,0,0,0,0,,,,,,,,126,
422,Mack Hollins\HollMa00,MIA,,27,3,0,0,0,0,0,0,0,0,,0,0,0,0,,0,0,0,0,,,,,,,,165,
423,Adam Shaheen\ShahAd00,MIA,TE,26,3,0,0,0,0,0,0,0,0,,0,2,1,4,4.00,0,0,0,0,,,,1.4,1.4,0.9,,74,
424,Ameer Abdullah\AbduAm00,MIN,,27,3,0,0,0,0,0,0,0,0,,0,0,0,0,,0,0,0,0,,,,,,,,122,
425,Mike Boone\BoonMi00,MIN,,25,3,0,0,0,0,0,0,0,0,,0,0,0,0,,0,0,0,0,,,,,,,,119,
426,Tyler Conklin\ConkTy00,MIN,,25,3,0,0,0,0,0,0,0,0,,0,0,0,0,,0,0,0,0,,,,,,,,91,
427,Tajae Sharpe\SharTa00,MIN,,26,2,0,0,0,0,0,0,0,0,,0,1,0,0,,0,0,0,0,,,,,,,,169,
428,Bennie Fowler\FowlBe00,NOR,,29,3,0,0,0,0,0,0,0,0,,0,0,0,0,,0,0,0,0,,,,,,,,174,
429,Justin Hardee\HardJu01,NOR,,26,3,0,0,0,0,0,0,0,0,,0,0,0,0,,0,0,0,0,,,,,,,,177,
430,Dwayne Washington\WashDw00,NOR,,26,1,0,0,0,0,0,0,0,0,,0,0,0,0,,0,0,0,0,,,,,,,,121,
431,Matthew Slater\SlatMa00,NWE,,35,3,0,0,0,0,0,0,0,0,,0,0,0,0,,0,0,0,0,,,,,,,,175,
432,Johnny Holton\HoltJo00,NYG,,29,1,0,0,0,0,0,0,0,0,,0,0,0,0,,0,0,0,0,,,,,,,,157,
433,Elijhaa Penny\PennEl00,NYG,,27,3,0,0,0,0,0,0,0,0,,0,0,0,0,,0,0,0,0,,,,,,,,127,
434,Eric Tomlinson\TomlEr01,NYG,,28,1,0,0,0,0,0,0,0,0,,0,0,0,0,,0,0,0,0,,,,,,,,78,
435,Daniel Brown\BrowDa04,NYJ,,28,3,0,0,0,0,0,0,0,0,,0,0,0,0,,0,0,0,0,,,,,,,,99,
436,Ryan Griffin\GrifRy00,NYJ,,30,3,0,0,0,0,0,0,0,0,,0,2,0,0,,0,0,0,0,,,,,,,,97,
437,Trevon Wesco\WescTr00,NYJ,,25,3,1,0,0,0,0,0,0,0,,0,0,0,0,,0,0,0,0,,,,,,,,94,
438,Cody Hollister\HollCo00,TEN,,27,1,0,0,0,0,0,0,0,0,,0,0,0,0,,0,0,0,0,,,,,,,,185,
439,JJ Arcega-Whiteside\ArceJJ00,PHI,,24,3,0,0,0,0,0,0,0,0,,0,2,0,0,,0,0,0,0,,,,,,,,170,
440,Jason Huntley\HuntJa01,PHI,RB,22,1,0,0,0,0,0,0,1,1,1.00,0,0,0,0,,0,0,0,0,,,,0.1,0.1,0.1,,115,
441,Ray-Ray McCloud\McClRa00,PIT,,24,3,0,0,0,0,0,0,0,0,,0,0,0,0,,0,0,0,0,,,,,,,,166,
442,Derek Watt\WattDe00,PIT,,28,3,0,0,0,0,0,0,0,0,,0,0,0,0,,0,0,0,0,,,,,,,,2,
443,Derek Carrier\CarrDe00,LVR,,30,3,0,0,0,0,0,0,0,0,,0,0,0,0,,0,0,0,0,,,,,,,,171,
444,Rico Gafford\GaffRi00,LVR,,24,1,0,0,0,0,0,0,0,0,,0,0,0,0,,0,0,0,0,,,,,,,,182,
445,Johnny Mundt\MundJo00,LAR,,26,3,0,0,0,0,0,0,0,0,,0,0,0,0,,0,0,0,0,,,,,,,,83,
446,Nsimba Webster\WebsNs00,LAR,,24,3,0,0,0,0,0,0,0,0,,0,0,0,0,,0,0,0,0,,,,,,,,172,
447,Robert Griffin III\GrifRo01,BAL,QB,30,1,0,1,1,9,0,0,1,-1,-1.00,0,0,0,0,,0,0,0,0,,,,0.3,0.3,0.3,,41,
448,Stephen Anderson\AndeSt01,LAC,,27,3,0,0,0,0,0,0,0,0,,0,0,0,0,,0,0,0,0,,,,,,,,84,
449,Justin Jackson\JackJu01,LAC,RB,25,1,0,0,0,0,0,0,2,4,2.00,0,0,0,0,,0,0,0,0,,,,0.4,0.4,0.4,,111,
450,Luke Willson\WillLu00,SEA,,30,2,0,0,0,0,0,0,0,0,,0,0,0,0,,0,0,0,0,,,,,,,,96,
451,Richie James\JameRi00,SFO,,25,1,0,0,0,0,0,0,0,0,,0,0,0,0,,0,0,0,0,,,,,,,,162,
452,Dante Pettis\PettDa00,SFO,,25,3,1,0,0,0,0,0,0,0,,0,1,0,0,,0,0,0,0,,,,,,,,163,
453,Antony Auclair\AuclAn00,TAM,,27,1,0,0,0,0,0,0,0,0,,0,0,0,0,,0,0,0,0,,,,,,,,88,
454,Kenjon Barner\BarnKe00,TAM,,30,1,0,0,0,0,0,0,0,0,,0,0,0,0,,0,0,0,0,,,,,,,,123,
455,Cameron Brate\BratCa00,TAM,,29,3,0,0,0,0,0,0,0,0,,0,1,0,0,,0,0,0,0,,,,,,,,86,
456,Cyril Grayson\GrayCy01,TAM,,27,1,0,0,0,0,0,0,0,0,,0,1,0,0,,0,0,0,0,,,,,,,,176,
457,Tanner Hudson\HudsTa00,TAM,,26,2,0,0,0,0,0,0,0,0,,0,0,0,0,,0,0,0,0,,,,,,,,81,
458,Jaydon Mickens\MickJa01,TAM,,26,3,0,0,0,0,0,0,0,0,,0,0,0,0,,0,0,0,0,,,,,,,,164,
459,Marcus Baugh\BaugMa02,WAS,TE,26,3,1,0,0,0,0,0,0,0,,0,1,1,2,2.00,0,0,0,0,,,,1.2,1.2,0.7,,75,
460,Cam Sims\SimsCa00,WAS,,24,3,0,0,0,0,0,0,0,0,,0,0,0,0,,0,0,0,0,,,,,,,,183,
461,Jeremy Sprinkle\SpriJe00,WAS,,26,3,1,0,0,0,0,0,0,0,,0,0,0,0,,0,0,0,0,,,,,,,,92,